{
  "__comment": "Designed by Lukas",
  "textures": {
    "particle": "blocks/e_particle",
    "texture": "clean_plank_oak"
  },
  "elements": [
    {
      "__comment": "TopLeft",
      "from": [
        1.5,
        12.5,
        0
      ],
      "to": [
        2.5,
        14.5,
        3
      ],
      "faces": {
        "down": {
          "uv": [
            1.5,
            13,
            2.5,
            16
          ],
          "texture": "#texture"
        },
        "up": {
          "uv": [
            1.5,
            0,
            2.5,
            3
          ],
          "texture": "#texture"
        },
        "north": {
          "uv": [
            13.5,
            1.5,
            14.5,
            3.5
          ],
          "texture": "#texture"
        },
        "south": {
          "uv": [
            1.5,
            1.5,
            2.5,
            3.5
          ],
          "texture": "#texture"
        },
        "west": {
          "uv": [
            0,
            1.5,
            3,
            3.5
          ],
          "texture": "#texture"
        },
        "east": {
          "uv": [
            13,
            1.5,
            16,
            3.5
          ],
          "texture": "#texture"
        }
      }
    }
  ]
}