{
	"credit": "Made with Blockbench, a free, modern block model editor by JannisX11",
	"textures": {
		"0": "Squirrel/squirrel",
		"1": "Squirrel/tophat",
		"particle": "Squirrel/squirrel"
	},
	"elements": [
		{
			"name": "cube",
			"from": [8.65, 0, 6.5],
			"to": [9.4, 0.5, 8.5],
			"faces": {
				"north": {
					"uv": [12.5, 8.5, 13.25, 9],
					"texture": "#0"
				},
				"east": {
					"uv": [13.25, 9, 13.75, 11],
					"texture": "#0",
					"rotation": 90
				},
				"south": {
					"uv": [13.75, 8.5, 14.5, 9],
					"texture": "#0"
				},
				"west": {
					"uv": [12, 9, 12.5, 11],
					"texture": "#0",
					"rotation": 270
				},
				"up": {"uv": [12.5, 9, 13.25, 11], "texture": "#0"},
				"down": {
					"uv": [13.75, 9, 14.5, 11],
					"texture": "#0"
				}
			},
			"type": "cube"
		},
		{
			"name": "cube",
			"from": [7, 1.0000000000000004, 4.500000000000001],
			"to": [9, 3.5000000000000004, 6.500000000000001],
			"faces": {
				"north": {"uv": [2, 6, 4, 8.5], "texture": "#0"},
				"east": {"uv": [0, 6, 2, 8.5], "texture": "#0"},
				"south": {"uv": [6, 6, 8, 8.5], "texture": "#0"},
				"west": {"uv": [4, 6, 6, 8.5], "texture": "#0"},
				"up": {"uv": [2, 4, 4, 6], "texture": "#0"},
				"down": {"uv": [4, 4, 6, 6], "texture": "#0"}
			},
			"rotation": {
				"origin": [8, 8, 8],
				"axis": "x",
				"angle": -22.5
			},
			"type": "cube"
		},
		{
			"name": "cube",
			"from": [8.75, 2.2499999999999996, 2.5],
			"to": [9.5, 3.7499999999999996, 4],
			"faces": {
				"north": {
					"uv": [6, 10, 6.75, 11.5],
					"texture": "#0"
				},
				"east": {"uv": [4.5, 10, 6, 11.5], "texture": "#0"},
				"south": {
					"uv": [8.25, 10, 9, 11.5],
					"texture": "#0"
				},
				"west": {
					"uv": [6.75, 10, 8.25, 11.5],
					"texture": "#0"
				},
				"up": {"uv": [6, 8.5, 6.75, 10], "texture": "#0"},
				"down": {"uv": [8.25, 8.5, 9, 10], "texture": "#0"}
			},
			"rotation": {
				"origin": [8, 8, 8],
				"axis": "x",
				"angle": -45
			},
			"type": "cube"
		},
		{
			"name": "cube",
			"from": [7.25, 2, 10.8],
			"to": [8.75, 3.5, 12.3],
			"faces": {
				"north": {
					"uv": [0, 14.5, 1.5, 16],
					"texture": "#0",
					"rotation": 90
				},
				"east": {
					"uv": [0, 14.5, 1.5, 16],
					"texture": "#0",
					"rotation": 90
				},
				"south": {
					"uv": [0, 14.5, 1.5, 16],
					"texture": "#0",
					"rotation": 90
				},
				"west": {
					"uv": [0, 14.5, 1.5, 16],
					"texture": "#0",
					"rotation": 90
				},
				"up": {
					"uv": [0, 14.5, 1.5, 16],
					"texture": "#0",
					"rotation": 90
				},
				"down": {
					"uv": [0, 14.5, 1.5, 16],
					"texture": "#0",
					"rotation": 90
				}
			},
			"rotation": {
				"origin": [8, 8, 7.800000000000001],
				"axis": "x",
				"angle": 22.5
			},
			"type": "cube"
		},
		{
			"name": "cube",
			"from": [7.35, 2.120466658056306, 8.735382450657887],
			"to": [8.65, 3.120466658056306, 10.235382450657887],
			"faces": {
				"north": {
					"uv": [1.5, 14.5, 2.5, 15.8],
					"texture": "#0",
					"rotation": 90
				},
				"east": {
					"uv": [1.5, 14.5, 2.5, 16],
					"texture": "#0",
					"rotation": 90
				},
				"south": {
					"uv": [4, 14.5, 5, 15.8],
					"texture": "#0",
					"rotation": 90
				},
				"west": {
					"uv": [1.5, 14.5, 2.5, 16],
					"texture": "#0",
					"rotation": 90
				},
				"up": {
					"uv": [1.5, 14.5, 2.8, 16],
					"texture": "#0",
					"rotation": 90
				},
				"down": {
					"uv": [1.5, 14.5, 2.8, 16],
					"texture": "#0",
					"rotation": 90
				}
			},
			"rotation": {
				"origin": [8, 6.620466658056306, 5.735382450657887],
				"axis": "x",
				"angle": 0
			},
			"type": "cube"
		},
		{
			"name": "cube",
			"from": [
				7.360000000000001,
				1.1700298099472617,
				7.929874257261828
			],
			"to": [8.64, 2.1700298099472617, 9.429874257261828],
			"faces": {
				"north": {
					"uv": [1, 14.5, 2, 15.8],
					"texture": "#0",
					"rotation": 90
				},
				"east": {
					"uv": [1, 14.5, 2, 16],
					"texture": "#0",
					"rotation": 90
				},
				"south": {
					"uv": [1, 14.5, 2, 15.8],
					"texture": "#0",
					"rotation": 90
				},
				"west": {
					"uv": [1, 14.5, 2, 16],
					"texture": "#0",
					"rotation": 90
				},
				"up": {
					"uv": [1, 14.5, 2.280000019073486, 16],
					"texture": "#0",
					"rotation": 90
				},
				"down": {
					"uv": [1, 14.5, 2.280000019073486, 16],
					"texture": "#0",
					"rotation": 90
				}
			},
			"rotation": {
				"origin": [8, 4.170029809947262, 4.929874257261828],
				"axis": "x",
				"angle": -22.5
			},
			"type": "cube"
		},
		{
			"name": "cube",
			"from": [6.5, 2.2499999999999996, 2.5],
			"to": [7.25, 3.7499999999999996, 4],
			"faces": {
				"north": {
					"uv": [1.5, 10, 2.25, 11.5],
					"texture": "#0"
				},
				"east": {
					"uv": [2.25, 10, 3.75, 11.5],
					"texture": "#0"
				},
				"south": {
					"uv": [3.75, 10, 4.5, 11.5],
					"texture": "#0"
				},
				"west": {"uv": [0, 10, 1.5, 11.5], "texture": "#0"},
				"up": {"uv": [1.5, 8.5, 2.25, 10], "texture": "#0"},
				"down": {
					"uv": [3.75, 8.5, 4.5, 10],
					"texture": "#0"
				}
			},
			"rotation": {
				"origin": [8, 8, 8],
				"axis": "x",
				"angle": -45
			},
			"type": "cube"
		},
		{
			"name": "cube",
			"from": [
				7.449999999999999,
				4.770612274092653,
				8.029874257261827
			],
			"to": [8.55, 5.770612274092653, 9.329874257261828],
			"faces": {
				"north": {
					"uv": [3.25, 14.5, 4.25, 15.6],
					"texture": "#0",
					"rotation": 90
				},
				"east": {
					"uv": [3.25, 14.5, 4.25, 15.8],
					"texture": "#0",
					"rotation": 90
				},
				"south": {
					"uv": [3.25, 14.5, 4.25, 15.6],
					"texture": "#0",
					"rotation": 90
				},
				"west": {
					"uv": [3.25, 14.5, 4.25, 15.8],
					"texture": "#0",
					"rotation": 90
				},
				"up": {
					"uv": [3.25, 14.5, 4.35, 15.8],
					"texture": "#0",
					"rotation": 90
				},
				"down": {
					"uv": [3.25, 14.5, 4.35, 15.8],
					"texture": "#0",
					"rotation": 90
				}
			},
			"rotation": {
				"origin": [
					8,
					2.7706122740926533,
					4.929874257261828
				],
				"axis": "x",
				"angle": 22.5
			},
			"type": "cube"
		},
		{
			"name": "cube",
			"from": [7.5, 7.5406471839379705, 7.453369074178397],
			"to": [8.5, 8.54064718393797, 8.453369074178397],
			"faces": {
				"north": {
					"uv": [4.5, 14.5, 5.5, 15.5],
					"texture": "#0",
					"rotation": 90
				},
				"east": {
					"uv": [4.5, 14.5, 5.5, 15.5],
					"texture": "#0",
					"rotation": 90
				},
				"south": {
					"uv": [4.5, 14.5, 5.5, 15.5],
					"texture": "#0",
					"rotation": 90
				},
				"west": {
					"uv": [4.5, 14.5, 5.5, 15.5],
					"texture": "#0",
					"rotation": 90
				},
				"up": {
					"uv": [4.5, 14.5, 5.5, 15.5],
					"texture": "#0",
					"rotation": 90
				},
				"down": {
					"uv": [4.5, 14.5, 5.5, 15.5],
					"texture": "#0",
					"rotation": 90
				}
			},
			"rotation": {
				"origin": [8, 4.04064718393797, 4.253369074178398],
				"axis": "x",
				"angle": 45
			},
			"type": "cube"
		},
		{
			"name": "cube",
			"from": [
				7.25,
				2.571817814050682,
				1.9042756315365112
			],
			"to": [8.75, 4.071817814050682, 3.4042756315365112],
			"faces": {
				"north": {"uv": [5.5, 1.5, 7, 3], "texture": "#0"},
				"east": {"uv": [4, 1.5, 5.5, 3], "texture": "#0"},
				"south": {"uv": [8.5, 1.5, 10, 3], "texture": "#0"},
				"west": {"uv": [7, 1.5, 8.5, 3], "texture": "#0"},
				"up": {"uv": [5.5, 0, 7, 1.5], "texture": "#0"},
				"down": {"uv": [7, 0, 8.5, 1.5], "texture": "#0"}
			},
			"rotation": {
				"origin": [8, 8.571817814050682, 5.15427563153651],
				"axis": "x",
				"angle": -45
			},
			"type": "cube"
		},
		{
			"name": "cube",
			"from": [7, 3, 3.5],
			"to": [9, 4.25, 5.25],
			"faces": {
				"north": {"uv": [0, 2.5, 2, 3.75], "texture": "#0"},
				"east": {
					"uv": [0, 1.25, 1.75, 2.5],
					"texture": "#0"
				},
				"south": {"uv": [0, 2.5, 2, 3.75], "texture": "#0"},
				"west": {"uv": [0, 0, 1.75, 1.25], "texture": "#0"},
				"up": {"uv": [2, 0, 4, 1.75], "texture": "#0"},
				"down": {"uv": [2, 1.75, 4, 3.5], "texture": "#0"}
			},
			"rotation": {
				"origin": [8, 8.571817814050682, 5.15427563153651],
				"axis": "x",
				"angle": -22.5
			},
			"type": "cube"
		},
		{
			"name": "cube",
			"from": [6.75, 4.75, 7.75],
			"to": [7, 5.75, 8.5],
			"faces": {
				"north": {"uv": [6.75, 4, 7, 5], "texture": "#0"},
				"east": {"uv": [6, 5, 6.75, 6], "texture": "#0"},
				"south": {"uv": [6.75, 4, 7, 5], "texture": "#0"},
				"west": {"uv": [6, 4, 6.75, 5], "texture": "#0"},
				"up": {
					"uv": [6, 3.75, 6.75, 4],
					"texture": "#0",
					"rotation": 90
				},
				"down": {
					"uv": [6, 5, 6.75, 5.25],
					"texture": "#0",
					"rotation": 90
				}
			},
			"rotation": {
				"origin": [8, 8.571817814050682, 5.15427563153651],
				"axis": "x",
				"angle": 22.5
			},
			"type": "cube"
		},
		{
			"name": "cube",
			"from": [9, 4.75, 7.75],
			"to": [9.25, 5.75, 8.5],
			"faces": {
				"north": {"uv": [7.75, 4, 8, 5], "texture": "#0"},
				"east": {"uv": [7, 4, 7.75, 5], "texture": "#0"},
				"south": {"uv": [7.75, 4, 8, 5], "texture": "#0"},
				"west": {"uv": [7, 5, 7.75, 6], "texture": "#0"},
				"up": {
					"uv": [7, 3.75, 7.75, 4],
					"texture": "#0",
					"rotation": 90
				},
				"down": {
					"uv": [7, 5, 7.75, 5.25],
					"texture": "#0",
					"rotation": 270
				}
			},
			"rotation": {
				"origin": [8, 8.571817814050682, 5.15427563153651],
				"axis": "x",
				"angle": 22.5
			},
			"type": "cube"
		},
		{
			"name": "cube",
			"from": [6.699999999999999, 2.75, 3.75],
			"to": [7.199999999999999, 3.25, 5.5],
			"faces": {
				"north": {
					"uv": [8.5, 5.5, 9, 6],
					"texture": "#0",
					"rotation": 90
				},
				"east": {
					"uv": [9, 6, 9.5, 8],
					"texture": "#0",
					"rotation": 270
				},
				"south": {
					"uv": [9, 5.5, 9.5, 6],
					"texture": "#0",
					"rotation": 90
				},
				"west": {
					"uv": [8, 6, 8.5, 8],
					"texture": "#0",
					"rotation": 90
				},
				"up": {
					"uv": [8.5, 6, 9, 8],
					"texture": "#0",
					"rotation": 180
				},
				"down": {"uv": [9.5, 6, 10, 8], "texture": "#0"}
			},
			"rotation": {
				"origin": [8, 8, 8],
				"axis": "x",
				"angle": -22.5
			},
			"type": "cube"
		},
		{
			"name": "cube",
			"from": [8.7, 2.75, 3.75],
			"to": [9.2, 3.25, 5.5],
			"faces": {
				"north": {
					"uv": [10.5, 5.5, 11, 6],
					"texture": "#0",
					"rotation": 90
				},
				"east": {
					"uv": [10, 6, 10.5, 8],
					"texture": "#0",
					"rotation": 270
				},
				"south": {
					"uv": [11, 5.5, 11.5, 6],
					"texture": "#0",
					"rotation": 90
				},
				"west": {
					"uv": [11, 6, 11.5, 8],
					"texture": "#0",
					"rotation": 90
				},
				"up": {
					"uv": [10.5, 6, 11, 8],
					"texture": "#0",
					"rotation": 180
				},
				"down": {"uv": [11.5, 6, 12, 8], "texture": "#0"}
			},
			"rotation": {
				"origin": [8, 8, 8],
				"axis": "x",
				"angle": -22.5
			},
			"type": "cube"
		},
		{
			"name": "cube",
			"from": [7.01, 2.795914915652269, 5.27981230956525],
			"to": [8.99, 3.945914915652269, 5.77981230956525],
			"faces": {
				"north": {
					"uv": [
						0,
						2.5000000000000004,
						1.980000114440918,
						3.6500000000000004
					],
					"texture": "#0"
				},
				"east": {
					"uv": [0.5, 1.375, 1, 2.525],
					"texture": "#0"
				},
				"south": {
					"uv": [0, 2.5, 1.980000114440918, 3.65],
					"texture": "#0"
				},
				"west": {
					"uv": [0.75, 0.125, 1.25, 1.275],
					"texture": "#0"
				},
				"up": {
					"uv": [0, 0, 1.9800000000000004, 0.5],
					"texture": "#missing"
				},
				"down": {
					"uv": [2, 3, 3.980000114440918, 3.5],
					"texture": "#0"
				}
			},
			"rotation": {
				"origin": [8, 4.31773272970295, 9.43408794110176],
				"axis": "x",
				"angle": 0
			},
			"type": "cube"
		},
		{
			"name": "cube",
			"from": [6.6, 0, 6.5],
			"to": [7.35, 0.5, 8.5],
			"faces": {
				"north": {
					"uv": [10, 8.5, 10.75, 9],
					"texture": "#0"
				},
				"east": {
					"uv": [10.75, 9, 11.25, 11],
					"texture": "#0",
					"rotation": 90
				},
				"south": {
					"uv": [11.25, 8.5, 12, 9],
					"texture": "#0"
				},
				"west": {
					"uv": [9.5, 9, 10, 11],
					"texture": "#0",
					"rotation": 270
				},
				"up": {"uv": [10, 9, 10.75, 11], "texture": "#0"},
				"down": {"uv": [11.25, 9, 12, 11], "texture": "#0"}
			},
			"type": "cube"
		},
		{
			"name": "cube",
			"from": [7.75, 4.3, 3.3999999999999995],
			"to": [8.25, 4.8, 3.8999999999999995],
			"faces": {
				"north": {
					"uv": [2.75, 3.5, 3.25, 4],
					"texture": "#0"
				},
				"east": {"uv": [2.5, 3.5, 3, 4], "texture": "#0"},
				"west": {"uv": [3, 3.5, 3.5, 4], "texture": "#0"},
				"up": {"uv": [2.5, 3.5, 3, 4], "texture": "#0"},
				"down": {"uv": [3, 3.5, 3.5, 4], "texture": "#0"}
			},
			"rotation": {
				"origin": [8, 8, 8],
				"axis": "x",
				"angle": -22.5
			},
			"type": "cube"
		},
		{
			"name": "cube",
			"from": [7, 4.25, 5.5],
			"to": [9, 4.75, 7.5],
			"faces": {
				"north": {"uv": [1, 0, 14, 9.5], "texture": "#1"},
				"east": {"uv": [0, 12, 16, 16.5], "texture": "#1"},
				"south": {"uv": [0, 12, 16, 16.5], "texture": "#1"},
				"west": {"uv": [0, 12, 16, 16.5], "texture": "#1"},
				"up": {"uv": [0, 15, 1, 16], "texture": "#1"},
				"down": {"uv": [0, 15, 1, 16], "texture": "#1"}
			},
			"rotation": {
				"origin": [8, 8, 8],
				"axis": "x",
				"angle": 0
			},
			"type": "cube"
		},
		{
			"name": "cube",
			"from": [7.25, 4.75, 5.75],
			"to": [8.75, 6.5, 7.25],
			"faces": {
				"north": {
					"uv": [3, 0, 12.5, 11.75],
					"texture": "#1"
				},
				"east": {
					"uv": [3, 0, 12.5, 11.75],
					"texture": "#1"
				},
				"south": {
					"uv": [3, 0, 12.5, 11.75],
					"texture": "#1"
				},
				"west": {
					"uv": [3, 0, 12.5, 11.75],
					"texture": "#1"
				},
				"up": {"uv": [0, 0, 0.5, 1.25], "texture": "#1"},
				"down": {"uv": [3, 0, 12.5, 11.75], "texture": "#1"}
			},
			"rotation": {
				"origin": [8, 8, 8],
				"axis": "x",
				"angle": 0
			},
			"type": "cube"
		}
	],
	"display": {}
}