{
	"credit": "Made with Blockbench, a free, modern block model editor by JannisX11",
	"textures": {
		"0": "wood/bark_spruce",
		"1": "wood/planks_spruce",
		"2": "wood/planks_dark_oak",
		"3": "wood/planks_acacia",
		"4": "blocks/gold_block",
		"5": "wood/bark_birch",
		"1_0": "Squirrel/squirrel",
		"particle": "Squirrel/squirrel",
		"1_1": "Squirrel/tophat"
	},
	"elements": [
		{
			"name": "cube",
			"from": [5, 0, 6],
			"to": [5.5, 3.5, 6.5],
			"faces": {
				"north": {
					"uv": [10.5, 12.5, 11, 16],
					"texture": "#0"
				},
				"east": {
					"uv": [10, 16, 9.5, 12.5],
					"texture": "#0"
				},
				"south": {
					"uv": [5, 12.5, 5.5, 16],
					"texture": "#0"
				},
				"west": {"uv": [6, 12.5, 6.5, 16], "texture": "#0"},
				"up": {"uv": [5, 6, 5.5, 6.5], "texture": "#0"},
				"down": {"uv": [5, 9.5, 5.5, 10], "texture": "#0"}
			}
		},
		{
			"name": "cube",
			"from": [10.5, 0, 6],
			"to": [11, 3.5, 6.5],
			"faces": {
				"north": {
					"uv": [5, 12.5, 5.5, 16],
					"texture": "#0"
				},
				"east": {
					"uv": [10, 16, 9.5, 12.5],
					"texture": "#0"
				},
				"south": {
					"uv": [10.5, 12.5, 11, 16],
					"texture": "#0"
				},
				"west": {"uv": [6, 12.5, 6.5, 16], "texture": "#0"},
				"up": {"uv": [10.5, 6, 11, 6.5], "texture": "#0"},
				"down": {"uv": [10.5, 9.5, 11, 10], "texture": "#0"}
			}
		},
		{
			"name": "cube",
			"from": [10.5, 0, 9.5],
			"to": [11, 3.5, 10],
			"faces": {
				"north": {
					"uv": [5, 12.5, 5.5, 16],
					"texture": "#0"
				},
				"east": {"uv": [6.5, 16, 6, 12.5], "texture": "#0"},
				"south": {
					"uv": [10.5, 12.5, 11, 16],
					"texture": "#0"
				},
				"west": {
					"uv": [9.5, 12.5, 10, 16],
					"texture": "#0"
				},
				"up": {"uv": [10.5, 9.5, 11, 10], "texture": "#0"},
				"down": {"uv": [10.5, 6, 11, 6.5], "texture": "#0"}
			}
		},
		{
			"name": "cube",
			"from": [6.5, 0, 11],
			"to": [7, 2, 11.5],
			"faces": {
				"north": {"uv": [9, 14, 9.5, 16], "texture": "#0"},
				"east": {"uv": [5, 16, 4.5, 14], "texture": "#0"},
				"south": {"uv": [6.5, 14, 7, 16], "texture": "#0"},
				"west": {"uv": [11, 14, 11.5, 16], "texture": "#0"},
				"up": {"uv": [6.5, 11, 7, 11.5], "texture": "#0"},
				"down": {"uv": [6.5, 4.5, 7, 5], "texture": "#0"}
			}
		},
		{
			"name": "cube",
			"from": [4.75, 3.5, 5.75],
			"to": [11.25, 4, 10.25],
			"faces": {
				"north": {
					"uv": [4.75, 12, 11.25, 12.5],
					"texture": "#1"
				},
				"east": {
					"uv": [10.25, 12.5, 5.75, 12],
					"texture": "#1"
				},
				"south": {
					"uv": [4.75, 12, 11.25, 12.5],
					"texture": "#1"
				},
				"west": {
					"uv": [5.75, 12, 10.25, 12.5],
					"texture": "#1"
				},
				"up": {
					"uv": [4.75, 5.75, 11.25, 10.25],
					"texture": "#1"
				},
				"down": {
					"uv": [4.75, 5.75, 11.25, 10.25],
					"texture": "#1"
				}
			}
		},
		{
			"name": "cube",
			"from": [5.5, 3, 6.25],
			"to": [10.5, 3.5, 6.5],
			"faces": {
				"north": {
					"uv": [5.5, 12.5, 10.5, 13],
					"texture": "#2"
				},
				"east": {
					"uv": [9.75, 13, 9.5, 12.5],
					"texture": "#2"
				},
				"south": {
					"uv": [5.5, 12.5, 10.5, 13],
					"texture": "#2"
				},
				"west": {
					"uv": [6.25, 12.5, 6.5, 13],
					"texture": "#2"
				},
				"up": {
					"uv": [5.5, 6.25, 10.5, 6.5],
					"texture": "#2"
				},
				"down": {
					"uv": [5.5, 9.5, 10.5, 9.75],
					"texture": "#2"
				}
			}
		},
		{
			"name": "cube",
			"from": [5.5, 3, 9.5],
			"to": [10.5, 3.5, 9.75],
			"faces": {
				"north": {
					"uv": [5.5, 12.5, 10.5, 13],
					"texture": "#2"
				},
				"east": {
					"uv": [6.5, 13, 6.25, 12.5],
					"texture": "#2"
				},
				"south": {
					"uv": [5.5, 12.5, 10.5, 13],
					"texture": "#2"
				},
				"west": {
					"uv": [9.5, 12.5, 9.75, 13],
					"texture": "#2"
				},
				"up": {
					"uv": [5.5, 9.5, 10.5, 9.75],
					"texture": "#2"
				},
				"down": {
					"uv": [5.5, 6.25, 10.5, 6.5],
					"texture": "#2"
				}
			}
		},
		{
			"name": "cube",
			"from": [10.5, 3, 6.5],
			"to": [10.75, 3.5, 9.5],
			"faces": {
				"north": {
					"uv": [5.25, 12.5, 5.5, 13],
					"texture": "#2"
				},
				"east": {
					"uv": [9.5, 13, 6.5, 12.5],
					"texture": "#2"
				},
				"south": {
					"uv": [10.5, 12.5, 10.75, 13],
					"texture": "#2"
				},
				"west": {
					"uv": [6.5, 12.5, 9.5, 13],
					"texture": "#2"
				},
				"up": {
					"uv": [10.5, 6.5, 10.75, 9.5],
					"texture": "#2",
					"rotation": 90
				},
				"down": {
					"uv": [10.5, 6.5, 10.75, 9.5],
					"texture": "#2",
					"rotation": 270
				}
			}
		},
		{
			"name": "cube",
			"from": [5.25, 3, 6.5],
			"to": [5.5, 3.5, 9.5],
			"faces": {
				"north": {
					"uv": [10.5, 12.5, 10.75, 13],
					"texture": "#2"
				},
				"east": {
					"uv": [9.5, 13, 6.5, 12.5],
					"texture": "#2"
				},
				"south": {
					"uv": [5.25, 12.5, 5.5, 13],
					"texture": "#2"
				},
				"west": {
					"uv": [6.5, 12.5, 9.5, 13],
					"texture": "#2"
				},
				"up": {
					"uv": [5.25, 6.5, 5.5, 9.5],
					"texture": "#2",
					"rotation": 90
				},
				"down": {
					"uv": [5.25, 6.5, 5.5, 9.5],
					"texture": "#2",
					"rotation": 270
				}
			}
		},
		{
			"name": "cube",
			"from": [0, -8, 0],
			"to": [16, 0, 16],
			"faces": {
				"north": {"uv": [0, 0, 16, 8], "texture": "#3"},
				"east": {"uv": [0, 0, 16, 8], "texture": "#3"},
				"south": {"uv": [0, 0, 16, 8], "texture": "#3"},
				"west": {"uv": [0, 0, 16, 8], "texture": "#3"},
				"up": {"uv": [0, 0, 16, 16], "texture": "#3"},
				"down": {"uv": [0, 0, 16, 16], "texture": "#3"}
			}
		},
		{
			"name": "cube",
			"from": [8.65, 2.5, 11],
			"to": [9.4, 3, 13],
			"faces": {
				"north": {
					"uv": [12.5, 8.5, 13.25, 9],
					"texture": "#1_0"
				},
				"east": {
					"uv": [13.25, 9, 13.75, 11],
					"texture": "#1_0",
					"rotation": 90
				},
				"south": {
					"uv": [13.75, 8.5, 14.5, 9],
					"texture": "#1_0"
				},
				"west": {
					"uv": [12, 9, 12.5, 11],
					"texture": "#1_0",
					"rotation": 270
				},
				"up": {
					"uv": [12.5, 9, 13.25, 11],
					"texture": "#1_0"
				},
				"down": {
					"uv": [13.75, 9, 14.5, 11],
					"texture": "#1_0"
				}
			}
		},
		{
			"name": "cube",
			"from": [7, 3.5, 9],
			"to": [9, 6, 11],
			"rotation": {
				"angle": -22.5,
				"axis": "x",
				"origin": [8, 10.5, 12.5]
			},
			"faces": {
				"north": {"uv": [2, 6, 4, 8.5], "texture": "#1_0"},
				"east": {"uv": [0, 6, 2, 8.5], "texture": "#1_0"},
				"south": {"uv": [6, 6, 8, 8.5], "texture": "#1_0"},
				"west": {"uv": [4, 6, 6, 8.5], "texture": "#1_0"},
				"up": {"uv": [2, 4, 4, 6], "texture": "#1_0"},
				"down": {"uv": [4, 4, 6, 6], "texture": "#1_0"}
			}
		},
		{
			"name": "cube",
			"from": [8.75, 4.75, 7],
			"to": [9.5, 6.25, 8.5],
			"rotation": {
				"angle": -45,
				"axis": "x",
				"origin": [8, 10.5, 12.5]
			},
			"faces": {
				"north": {
					"uv": [6, 10, 6.75, 11.5],
					"texture": "#1_0"
				},
				"east": {
					"uv": [4.5, 10, 6, 11.5],
					"texture": "#1_0"
				},
				"south": {
					"uv": [8.25, 10, 9, 11.5],
					"texture": "#1_0"
				},
				"west": {
					"uv": [6.75, 10, 8.25, 11.5],
					"texture": "#1_0"
				},
				"up": {"uv": [6, 8.5, 6.75, 10], "texture": "#1_0"},
				"down": {
					"uv": [8.25, 8.5, 9, 10],
					"texture": "#1_0"
				}
			}
		},
		{
			"name": "cube",
			"from": [7.25, 4.5, 15.3],
			"to": [8.75, 6, 16.8],
			"rotation": {
				"angle": 22.5,
				"axis": "x",
				"origin": [8, 10.5, 12.3]
			},
			"faces": {
				"north": {
					"uv": [0, 14.5, 1.5, 16],
					"texture": "#1_0",
					"rotation": 90
				},
				"east": {
					"uv": [0, 14.5, 1.5, 16],
					"texture": "#1_0",
					"rotation": 90
				},
				"south": {
					"uv": [0, 14.5, 1.5, 16],
					"texture": "#1_0",
					"rotation": 90
				},
				"west": {
					"uv": [0, 14.5, 1.5, 16],
					"texture": "#1_0",
					"rotation": 90
				},
				"up": {
					"uv": [0, 14.5, 1.5, 16],
					"texture": "#1_0",
					"rotation": 90
				},
				"down": {
					"uv": [0, 14.5, 1.5, 16],
					"texture": "#1_0",
					"rotation": 90
				}
			}
		},
		{
			"name": "cube",
			"from": [
				7.35,
				4.620466658056306,
				13.235382450657887
			],
			"to": [8.65, 5.620466658056306, 14.735382450657887],
			"rotation": {
				"angle": 0,
				"axis": "x",
				"origin": [8, 9.120466658056305, 10.235382450657887]
			},
			"faces": {
				"north": {
					"uv": [1.5, 14.5, 2.5, 15.8],
					"texture": "#1_0",
					"rotation": 90
				},
				"east": {
					"uv": [1.5, 14.5, 2.5, 16],
					"texture": "#1_0",
					"rotation": 90
				},
				"south": {
					"uv": [4, 14.5, 5, 15.8],
					"texture": "#1_0",
					"rotation": 90
				},
				"west": {
					"uv": [1.5, 14.5, 2.5, 16],
					"texture": "#1_0",
					"rotation": 90
				},
				"up": {
					"uv": [1.5, 14.5, 2.8, 16],
					"texture": "#1_0",
					"rotation": 90
				},
				"down": {
					"uv": [1.5, 14.5, 2.8, 16],
					"texture": "#1_0",
					"rotation": 90
				}
			}
		},
		{
			"name": "cube",
			"from": [
				7.360000000000001,
				3.6700298099472617,
				12.42987425726183
			],
			"to": [8.64, 4.670029809947262, 13.92987425726183],
			"rotation": {
				"angle": -22.5,
				"axis": "x",
				"origin": [8, 6.670029809947262, 9.42987425726183]
			},
			"faces": {
				"north": {
					"uv": [1, 14.5, 2, 15.8],
					"texture": "#1_0",
					"rotation": 90
				},
				"east": {
					"uv": [1, 14.5, 2, 16],
					"texture": "#1_0",
					"rotation": 90
				},
				"south": {
					"uv": [1, 14.5, 2, 15.8],
					"texture": "#1_0",
					"rotation": 90
				},
				"west": {
					"uv": [1, 14.5, 2, 16],
					"texture": "#1_0",
					"rotation": 90
				},
				"up": {
					"uv": [1, 14.5, 2.280000019073486, 16],
					"texture": "#1_0",
					"rotation": 90
				},
				"down": {
					"uv": [1, 14.5, 2.280000019073486, 16],
					"texture": "#1_0",
					"rotation": 90
				}
			}
		},
		{
			"name": "cube",
			"from": [6.5, 4.75, 7],
			"to": [7.25, 6.25, 8.5],
			"rotation": {
				"angle": -45,
				"axis": "x",
				"origin": [8, 10.5, 12.5]
			},
			"faces": {
				"north": {
					"uv": [1.5, 10, 2.25, 11.5],
					"texture": "#1_0"
				},
				"east": {
					"uv": [2.25, 10, 3.75, 11.5],
					"texture": "#1_0"
				},
				"south": {
					"uv": [3.75, 10, 4.5, 11.5],
					"texture": "#1_0"
				},
				"west": {
					"uv": [0, 10, 1.5, 11.5],
					"texture": "#1_0"
				},
				"up": {
					"uv": [1.5, 8.5, 2.25, 10],
					"texture": "#1_0"
				},
				"down": {
					"uv": [3.75, 8.5, 4.5, 10],
					"texture": "#1_0"
				}
			}
		},
		{
			"name": "cube",
			"from": [
				7.449999999999999,
				7.270612274092652,
				12.529874257261827
			],
			"to": [8.55, 8.270612274092652, 13.829874257261828],
			"rotation": {
				"angle": 22.5,
				"axis": "x",
				"origin": [8, 5.270612274092652, 9.429874257261828]
			},
			"faces": {
				"north": {
					"uv": [3.25, 14.5, 4.25, 15.6],
					"texture": "#1_0",
					"rotation": 90
				},
				"east": {
					"uv": [3.25, 14.5, 4.25, 15.8],
					"texture": "#1_0",
					"rotation": 90
				},
				"south": {
					"uv": [3.25, 14.5, 4.25, 15.6],
					"texture": "#1_0",
					"rotation": 90
				},
				"west": {
					"uv": [3.25, 14.5, 4.25, 15.8],
					"texture": "#1_0",
					"rotation": 90
				},
				"up": {
					"uv": [3.25, 14.5, 4.35, 15.8],
					"texture": "#1_0",
					"rotation": 90
				},
				"down": {
					"uv": [3.25, 14.5, 4.35, 15.8],
					"texture": "#1_0",
					"rotation": 90
				}
			}
		},
		{
			"name": "cube",
			"from": [7.5, 10.04064718393797, 11.953369074178397],
			"to": [8.5, 11.04064718393797, 12.953369074178397],
			"rotation": {
				"angle": 45,
				"axis": "x",
				"origin": [8, 6.54064718393797, 8.753369074178398]
			},
			"faces": {
				"north": {
					"uv": [4.5, 14.5, 5.5, 15.5],
					"texture": "#1_0",
					"rotation": 90
				},
				"east": {
					"uv": [4.5, 14.5, 5.5, 15.5],
					"texture": "#1_0",
					"rotation": 90
				},
				"south": {
					"uv": [4.5, 14.5, 5.5, 15.5],
					"texture": "#1_0",
					"rotation": 90
				},
				"west": {
					"uv": [4.5, 14.5, 5.5, 15.5],
					"texture": "#1_0",
					"rotation": 90
				},
				"up": {
					"uv": [4.5, 14.5, 5.5, 15.5],
					"texture": "#1_0",
					"rotation": 90
				},
				"down": {
					"uv": [4.5, 14.5, 5.5, 15.5],
					"texture": "#1_0",
					"rotation": 90
				}
			}
		},
		{
			"name": "cube",
			"from": [7.25, 5.071817814050682, 6.40427563153651],
			"to": [8.75, 6.571817814050682, 7.90427563153651],
			"rotation": {
				"angle": -45,
				"axis": "x",
				"origin": [8, 11.071817814050682, 9.65427563153651]
			},
			"faces": {
				"north": {
					"uv": [5.5, 1.5, 7, 3],
					"texture": "#1_0"
				},
				"east": {"uv": [4, 1.5, 5.5, 3], "texture": "#1_0"},
				"south": {
					"uv": [8.5, 1.5, 10, 3],
					"texture": "#1_0"
				},
				"west": {"uv": [7, 1.5, 8.5, 3], "texture": "#1_0"},
				"up": {"uv": [5.5, 0, 7, 1.5], "texture": "#1_0"},
				"down": {"uv": [7, 0, 8.5, 1.5], "texture": "#1_0"}
			}
		},
		{
			"name": "cube",
			"from": [7, 5.5, 8],
			"to": [9, 6.75, 9.75],
			"rotation": {
				"angle": -22.5,
				"axis": "x",
				"origin": [8, 11.071817814050682, 9.65427563153651]
			},
			"faces": {
				"north": {
					"uv": [0, 2.5, 2, 3.75],
					"texture": "#1_0"
				},
				"east": {
					"uv": [0, 1.25, 1.75, 2.5],
					"texture": "#1_0"
				},
				"south": {
					"uv": [0, 2.5, 2, 3.75],
					"texture": "#1_0"
				},
				"west": {
					"uv": [0, 0, 1.75, 1.25],
					"texture": "#1_0"
				},
				"up": {"uv": [2, 0, 4, 1.75], "texture": "#1_0"},
				"down": {"uv": [2, 1.75, 4, 3.5], "texture": "#1_0"}
			}
		},
		{
			"name": "cube",
			"from": [6.75, 7.25, 12.25],
			"to": [7, 8.25, 13],
			"rotation": {
				"angle": 22.5,
				"axis": "x",
				"origin": [8, 11.071817814050682, 9.65427563153651]
			},
			"faces": {
				"north": {"uv": [6.75, 4, 7, 5], "texture": "#1_0"},
				"east": {"uv": [6, 5, 6.75, 6], "texture": "#1_0"},
				"south": {"uv": [6.75, 4, 7, 5], "texture": "#1_0"},
				"west": {"uv": [6, 4, 6.75, 5], "texture": "#1_0"},
				"up": {
					"uv": [6, 3.75, 6.75, 4],
					"texture": "#1_0",
					"rotation": 90
				},
				"down": {
					"uv": [6, 5, 6.75, 5.25],
					"texture": "#1_0",
					"rotation": 90
				}
			}
		},
		{
			"name": "cube",
			"from": [9, 7.25, 12.25],
			"to": [9.25, 8.25, 13],
			"rotation": {
				"angle": 22.5,
				"axis": "x",
				"origin": [8, 11.071817814050682, 9.65427563153651]
			},
			"faces": {
				"north": {"uv": [7.75, 4, 8, 5], "texture": "#1_0"},
				"east": {"uv": [7, 4, 7.75, 5], "texture": "#1_0"},
				"south": {"uv": [7.75, 4, 8, 5], "texture": "#1_0"},
				"west": {"uv": [7, 5, 7.75, 6], "texture": "#1_0"},
				"up": {
					"uv": [7, 3.75, 7.75, 4],
					"texture": "#1_0",
					"rotation": 90
				},
				"down": {
					"uv": [7, 5, 7.75, 5.25],
					"texture": "#1_0",
					"rotation": 270
				}
			}
		},
		{
			"name": "cube",
			"from": [6.699999999999999, 5.25, 8.25],
			"to": [7.199999999999999, 5.75, 10],
			"rotation": {
				"angle": -22.5,
				"axis": "x",
				"origin": [8, 10.5, 12.5]
			},
			"faces": {
				"north": {
					"uv": [8.5, 5.5, 9, 6],
					"texture": "#1_0",
					"rotation": 90
				},
				"east": {
					"uv": [9, 6, 9.5, 8],
					"texture": "#1_0",
					"rotation": 270
				},
				"south": {
					"uv": [9, 5.5, 9.5, 6],
					"texture": "#1_0",
					"rotation": 90
				},
				"west": {
					"uv": [8, 6, 8.5, 8],
					"texture": "#1_0",
					"rotation": 90
				},
				"up": {
					"uv": [8.5, 6, 9, 8],
					"texture": "#1_0",
					"rotation": 180
				},
				"down": {"uv": [9.5, 6, 10, 8], "texture": "#1_0"}
			}
		},
		{
			"name": "cube",
			"from": [8.7, 5.25, 8.25],
			"to": [9.2, 5.75, 10],
			"rotation": {
				"angle": -22.5,
				"axis": "x",
				"origin": [8, 10.5, 12.5]
			},
			"faces": {
				"north": {
					"uv": [10.5, 5.5, 11, 6],
					"texture": "#1_0",
					"rotation": 90
				},
				"east": {
					"uv": [10, 6, 10.5, 8],
					"texture": "#1_0",
					"rotation": 270
				},
				"south": {
					"uv": [11, 5.5, 11.5, 6],
					"texture": "#1_0",
					"rotation": 90
				},
				"west": {
					"uv": [11, 6, 11.5, 8],
					"texture": "#1_0",
					"rotation": 90
				},
				"up": {
					"uv": [10.5, 6, 11, 8],
					"texture": "#1_0",
					"rotation": 180
				},
				"down": {"uv": [11.5, 6, 12, 8], "texture": "#1_0"}
			}
		},
		{
			"name": "cube",
			"from": [7.01, 5.2959149156522685, 9.77981230956525],
			"to": [8.99, 6.445914915652269, 10.27981230956525],
			"rotation": {
				"angle": 0,
				"axis": "x",
				"origin": [8, 6.81773272970295, 13.934087941101758]
			},
			"faces": {
				"north": {
					"uv": [
						0,
						2.5000000000000004,
						1.980000114440918,
						3.6500000000000004
					],
					"texture": "#1_0"
				},
				"east": {
					"uv": [0.5, 1.375, 1, 2.525],
					"texture": "#1_0"
				},
				"south": {
					"uv": [0, 2.5, 1.980000114440918, 3.65],
					"texture": "#1_0"
				},
				"west": {
					"uv": [0.75, 0.125, 1.25, 1.275],
					"texture": "#1_0"
				},
				"up": {
					"uv": [0, 0, 1.9800000000000004, 0.5],
					"texture": "#missing"
				},
				"down": {
					"uv": [2, 3, 3.980000114440918, 3.5],
					"texture": "#1_0"
				}
			}
		},
		{
			"name": "cube",
			"from": [6.6, 2.5, 11],
			"to": [7.35, 3, 13],
			"faces": {
				"north": {
					"uv": [10, 8.5, 10.75, 9],
					"texture": "#1_0"
				},
				"east": {
					"uv": [10.75, 9, 11.25, 11],
					"texture": "#1_0",
					"rotation": 90
				},
				"south": {
					"uv": [11.25, 8.5, 12, 9],
					"texture": "#1_0"
				},
				"west": {
					"uv": [9.5, 9, 10, 11],
					"texture": "#1_0",
					"rotation": 270
				},
				"up": {"uv": [10, 9, 10.75, 11], "texture": "#1_0"},
				"down": {
					"uv": [11.25, 9, 12, 11],
					"texture": "#1_0"
				}
			}
		},
		{
			"name": "cube",
			"from": [7.75, 6.8, 7.899999999999999],
			"to": [8.25, 7.3, 8.399999999999999],
			"rotation": {
				"angle": -22.5,
				"axis": "x",
				"origin": [8, 10.5, 12.5]
			},
			"faces": {
				"north": {
					"uv": [2.75, 3.5, 3.25, 4],
					"texture": "#1_0"
				},
				"east": {"uv": [2.5, 3.5, 3, 4], "texture": "#1_0"},
				"west": {"uv": [3, 3.5, 3.5, 4], "texture": "#1_0"},
				"up": {"uv": [2.5, 3.5, 3, 4], "texture": "#1_0"},
				"down": {"uv": [3, 3.5, 3.5, 4], "texture": "#1_0"}
			}
		},
		{
			"name": "cube",
			"from": [7, 6.75, 10],
			"to": [9, 7.25, 12],
			"rotation": {
				"angle": 0,
				"axis": "x",
				"origin": [8, 10.5, 12.5]
			},
			"faces": {
				"north": {"uv": [1, 0, 14, 9.5], "texture": "#1_1"},
				"east": {
					"uv": [0, 12, 16, 16.5],
					"texture": "#1_1"
				},
				"south": {
					"uv": [0, 12, 16, 16.5],
					"texture": "#1_1"
				},
				"west": {
					"uv": [0, 12, 16, 16.5],
					"texture": "#1_1"
				},
				"up": {"uv": [0, 15, 1, 16], "texture": "#1_1"},
				"down": {"uv": [0, 15, 1, 16], "texture": "#1_1"}
			}
		},
		{
			"name": "cube",
			"from": [7.25, 7.25, 10.25],
			"to": [8.75, 9, 11.75],
			"rotation": {
				"angle": 0,
				"axis": "x",
				"origin": [8, 10.5, 12.5]
			},
			"faces": {
				"north": {
					"uv": [3, 0, 12.5, 11.75],
					"texture": "#1_1"
				},
				"east": {
					"uv": [3, 0, 12.5, 11.75],
					"texture": "#1_1"
				},
				"south": {
					"uv": [3, 0, 12.5, 11.75],
					"texture": "#1_1"
				},
				"west": {
					"uv": [3, 0, 12.5, 11.75],
					"texture": "#1_1"
				},
				"up": {"uv": [0, 0, 0.5, 1.25], "texture": "#1_1"},
				"down": {
					"uv": [3, 0, 12.5, 11.75],
					"texture": "#1_1"
				}
			}
		},
		{
			"name": "cube",
			"from": [5, 0, 9.5],
			"to": [5.5, 3.5, 10],
			"faces": {
				"north": {
					"uv": [10.5, 12.5, 11, 16],
					"texture": "#0"
				},
				"east": {"uv": [6.5, 16, 6, 12.5], "texture": "#0"},
				"south": {
					"uv": [5, 12.5, 5.5, 16],
					"texture": "#0"
				},
				"west": {
					"uv": [9.5, 12.5, 10, 16],
					"texture": "#0"
				},
				"up": {"uv": [5, 9.5, 5.5, 10], "texture": "#0"},
				"down": {"uv": [5, 6, 5.5, 6.5], "texture": "#0"}
			}
		},
		{
			"name": "cube",
			"from": [9, 0, 11],
			"to": [9.5, 2, 11.5],
			"faces": {
				"north": {"uv": [6.5, 14, 7, 16], "texture": "#0"},
				"east": {"uv": [5, 16, 4.5, 14], "texture": "#0"},
				"south": {"uv": [9, 14, 9.5, 16], "texture": "#0"},
				"west": {"uv": [11, 14, 11.5, 16], "texture": "#0"},
				"up": {"uv": [9, 11, 9.5, 11.5], "texture": "#0"},
				"down": {"uv": [9, 4.5, 9.5, 5], "texture": "#0"}
			}
		},
		{
			"name": "cube",
			"from": [9, 0, 13.5],
			"to": [9.5, 2, 14],
			"faces": {
				"north": {"uv": [6.5, 14, 7, 16], "texture": "#0"},
				"east": {"uv": [2.5, 16, 2, 14], "texture": "#0"},
				"south": {"uv": [9, 14, 9.5, 16], "texture": "#0"},
				"west": {"uv": [13.5, 14, 14, 16], "texture": "#0"},
				"up": {"uv": [9, 13.5, 9.5, 14], "texture": "#0"},
				"down": {"uv": [9, 2, 9.5, 2.5], "texture": "#0"}
			}
		},
		{
			"name": "cube",
			"from": [6.5, 0, 13.5],
			"to": [7, 2, 14],
			"faces": {
				"north": {"uv": [9, 14, 9.5, 16], "texture": "#0"},
				"east": {"uv": [2.5, 16, 2, 14], "texture": "#0"},
				"south": {"uv": [6.5, 14, 7, 16], "texture": "#0"},
				"west": {"uv": [13.5, 14, 14, 16], "texture": "#0"},
				"up": {"uv": [6.5, 13.5, 7, 14], "texture": "#0"},
				"down": {"uv": [6.5, 2, 7, 2.5], "texture": "#0"}
			}
		},
		{
			"name": "cube",
			"from": [6.25, 2, 10.75],
			"to": [9.75, 2.5, 13.75],
			"faces": {
				"north": {
					"uv": [6.25, 13.5, 9.75, 14],
					"texture": "#1"
				},
				"east": {
					"uv": [5.25, 14, 2.25, 13.5],
					"texture": "#1"
				},
				"south": {
					"uv": [6.25, 13.5, 9.75, 14],
					"texture": "#1"
				},
				"west": {
					"uv": [10.75, 13.5, 13.75, 14],
					"texture": "#1"
				},
				"up": {
					"uv": [6.25, 10.75, 9.75, 13.75],
					"texture": "#1"
				},
				"down": {
					"uv": [6.25, 2.25, 9.75, 5.25],
					"texture": "#1"
				}
			}
		},
		{
			"name": "cube",
			"from": [6.75, 1.5, 11.5],
			"to": [7, 2, 13.5],
			"faces": {
				"north": {
					"uv": [9, 14, 9.25, 14.5],
					"texture": "#2"
				},
				"east": {
					"uv": [4.5, 14.5, 2.5, 14],
					"texture": "#2"
				},
				"south": {
					"uv": [6.75, 14, 7, 14.5],
					"texture": "#2"
				},
				"west": {
					"uv": [11.5, 14, 13.5, 14.5],
					"texture": "#2"
				},
				"up": {
					"uv": [6.75, 11.5, 7, 13.5],
					"texture": "#2",
					"rotation": 90
				},
				"down": {
					"uv": [6.75, 2.5, 7, 4.5],
					"texture": "#2",
					"rotation": 270
				}
			}
		},
		{
			"name": "cube",
			"from": [9, 1.5, 11.5],
			"to": [9.25, 2, 13.5],
			"faces": {
				"north": {
					"uv": [6.75, 14, 7, 14.5],
					"texture": "#2"
				},
				"east": {
					"uv": [4.5, 14.5, 2.5, 14],
					"texture": "#2"
				},
				"south": {
					"uv": [9, 14, 9.25, 14.5],
					"texture": "#2"
				},
				"west": {
					"uv": [11.5, 14, 13.5, 14.5],
					"texture": "#2"
				},
				"up": {
					"uv": [9, 11.5, 9.25, 13.5],
					"texture": "#2",
					"rotation": 90
				},
				"down": {
					"uv": [9, 2.5, 9.25, 4.5],
					"texture": "#2",
					"rotation": 270
				}
			}
		},
		{
			"name": "cube",
			"from": [7, 1.5, 13.5],
			"to": [9, 2, 13.75],
			"faces": {
				"north": {"uv": [7, 14, 9, 14.5], "texture": "#2"},
				"east": {
					"uv": [2.5, 14.5, 2.25, 14],
					"texture": "#2"
				},
				"south": {"uv": [7, 14, 9, 14.5], "texture": "#2"},
				"west": {
					"uv": [13.5, 14, 13.75, 14.5],
					"texture": "#2"
				},
				"up": {"uv": [7, 13.5, 9, 13.75], "texture": "#2"},
				"down": {"uv": [7, 2.25, 9, 2.5], "texture": "#2"}
			}
		},
		{
			"name": "cube",
			"from": [7, 1.5, 11.25],
			"to": [9, 2, 11.5],
			"faces": {
				"north": {"uv": [7, 14, 9, 14.5], "texture": "#2"},
				"east": {
					"uv": [4.75, 14.5, 4.5, 14],
					"texture": "#2"
				},
				"south": {"uv": [7, 14, 9, 14.5], "texture": "#2"},
				"west": {
					"uv": [11.25, 14, 11.5, 14.5],
					"texture": "#2"
				},
				"up": {"uv": [7, 11.25, 9, 11.5], "texture": "#2"},
				"down": {"uv": [7, 4.5, 9, 4.75], "texture": "#2"}
			}
		},
		{
			"name": "cube",
			"from": [6.75, 2, 13.75],
			"to": [9.25, 2.5, 14.25],
			"faces": {
				"north": {
					"uv": [6.75, 13.5, 9.25, 14],
					"texture": "#1"
				},
				"east": {
					"uv": [2.25, 14, 1.75, 13.5],
					"texture": "#1"
				},
				"south": {
					"uv": [6.75, 13.5, 9.25, 14],
					"texture": "#1"
				},
				"west": {
					"uv": [13.75, 13.5, 14.25, 14],
					"texture": "#1"
				},
				"up": {
					"uv": [6.75, 13.75, 9.25, 14.25],
					"texture": "#1"
				},
				"down": {
					"uv": [6.75, 1.75, 9.25, 2.25],
					"texture": "#1"
				}
			}
		},
		{
			"name": "cube",
			"from": [
				6.5,
				1.8282086476683617,
				13.863653302192688
			],
			"to": [7, 5.328208647668362, 14.363653302192688],
			"rotation": {
				"angle": 22.5,
				"axis": "x",
				"origin": [
					6.75,
					2.8282086476683617,
					14.113653302192688
				]
			},
			"faces": {
				"north": {
					"uv": [
						9,
						10.671791352331638,
						9.5,
						14.171791352331638
					],
					"texture": "#0"
				},
				"east": {
					"uv": [
						2.136346697807312,
						14.171791352331638,
						1.636346697807312,
						10.671791352331638
					],
					"texture": "#0"
				},
				"south": {
					"uv": [
						6.5,
						10.671791352331638,
						7,
						14.171791352331638
					],
					"texture": "#0"
				},
				"west": {
					"uv": [
						13.863653302192688,
						10.671791352331638,
						14.363653302192688,
						14.171791352331638
					],
					"texture": "#0"
				},
				"up": {
					"uv": [
						6.5,
						13.863653302192688,
						7,
						14.363653302192688
					],
					"texture": "#0"
				},
				"down": {
					"uv": [
						6.5,
						1.636346697807312,
						7,
						2.136346697807312
					],
					"texture": "#0"
				}
			}
		},
		{
			"name": "cube",
			"from": [9, 1.8282086476683617, 13.863653302192688],
			"to": [9.5, 5.328208647668362, 14.363653302192688],
			"rotation": {
				"angle": 22.5,
				"axis": "x",
				"origin": [
					9.25,
					2.8282086476683617,
					14.113653302192688
				]
			},
			"faces": {
				"north": {
					"uv": [
						6.5,
						10.671791352331638,
						7,
						14.171791352331638
					],
					"texture": "#0"
				},
				"east": {
					"uv": [
						2.136346697807312,
						14.171791352331638,
						1.636346697807312,
						10.671791352331638
					],
					"texture": "#0"
				},
				"south": {
					"uv": [
						9,
						10.671791352331638,
						9.5,
						14.171791352331638
					],
					"texture": "#0"
				},
				"west": {
					"uv": [
						13.863653302192688,
						10.671791352331638,
						14.363653302192688,
						14.171791352331638
					],
					"texture": "#0"
				},
				"up": {
					"uv": [
						9,
						13.863653302192688,
						9.5,
						14.363653302192688
					],
					"texture": "#0"
				},
				"down": {
					"uv": [
						9,
						1.636346697807312,
						9.5,
						2.136346697807312
					],
					"texture": "#0"
				}
			}
		},
		{
			"name": "cube",
			"from": [
				6.25,
				4.359102299494055,
				14.815175925706736
			],
			"to": [9.75, 4.859102299494055, 15.115175925706737],
			"rotation": {
				"angle": 22.5,
				"axis": "x",
				"origin": [8, 4.859102299494055, 15.090175925706736]
			},
			"faces": {
				"north": {
					"uv": [
						6.25,
						11.140897700505946,
						9.75,
						11.640897700505946
					],
					"texture": "#1"
				},
				"east": {
					"uv": [
						1.1848240742932639,
						11.640897700505946,
						0.8848240742932632,
						11.140897700505946
					],
					"texture": "#1"
				},
				"south": {
					"uv": [
						6.25,
						11.140897700505946,
						9.75,
						11.640897700505946
					],
					"texture": "#1"
				},
				"west": {
					"uv": [
						14.815175925706736,
						11.140897700505946,
						15.115175925706737,
						11.640897700505946
					],
					"texture": "#1"
				},
				"up": {
					"uv": [
						6.25,
						14.815175925706736,
						9.75,
						15.115175925706737
					],
					"texture": "#1"
				},
				"down": {
					"uv": [
						6.25,
						0.8848240742932632,
						9.75,
						1.1848240742932639
					],
					"texture": "#1"
				}
			}
		},
		{
			"name": "cube",
			"from": [
				6.25,
				3.3591022994940554,
				14.815175925706736
			],
			"to": [9.75, 3.8591022994940554, 15.115175925706737],
			"rotation": {
				"angle": 22.5,
				"axis": "x",
				"origin": [8, 4.859102299494055, 15.090175925706736]
			},
			"faces": {
				"north": {
					"uv": [
						6.25,
						12.140897700505946,
						9.75,
						12.640897700505946
					],
					"texture": "#1"
				},
				"east": {
					"uv": [
						1.1848240742932639,
						12.640897700505946,
						0.8848240742932632,
						12.140897700505946
					],
					"texture": "#1"
				},
				"south": {
					"uv": [
						6.25,
						12.140897700505946,
						9.75,
						12.640897700505946
					],
					"texture": "#1"
				},
				"west": {
					"uv": [
						14.815175925706736,
						12.140897700505946,
						15.115175925706737,
						12.640897700505946
					],
					"texture": "#1"
				},
				"up": {
					"uv": [
						6.25,
						14.815175925706736,
						9.75,
						15.115175925706737
					],
					"texture": "#1"
				},
				"down": {
					"uv": [
						6.25,
						0.8848240742932632,
						9.75,
						1.1848240742932639
					],
					"texture": "#1"
				}
			}
		},
		{
			"name": "cube",
			"from": [9.75, 4.1, 7.25],
			"to": [10, 4.35, 9.75],
			"rotation": {
				"angle": 22.5,
				"axis": "y",
				"origin": [9.875, 4.225, 8.5]
			},
			"faces": {
				"north": {
					"uv": [5.75, 11.65, 6, 11.9],
					"texture": "#0"
				},
				"east": {
					"uv": [8.75, 11.9, 6.25, 11.65],
					"texture": "#0"
				},
				"south": {
					"uv": [10, 11.65, 10.25, 11.9],
					"texture": "#0"
				},
				"west": {
					"uv": [7.25, 11.65, 9.75, 11.9],
					"texture": "#0"
				},
				"up": {
					"uv": [10, 7.25, 10.25, 9.75],
					"texture": "#0"
				},
				"down": {
					"uv": [10, 6.25, 10.25, 8.75],
					"texture": "#0"
				}
			}
		},
		{
			"name": "cube",
			"from": [9.65, 3.9999999999999996, 7],
			"to": [10.1, 4.449999999999999, 7.25],
			"rotation": {
				"angle": 22.5,
				"axis": "y",
				"origin": [9.875, 4.225, 8.5]
			},
			"faces": {
				"north": {
					"uv": [13, 13, 13.45, 13.45],
					"texture": "#4"
				},
				"east": {
					"uv": [13, 13, 12.75, 12.55],
					"texture": "#4"
				},
				"south": {
					"uv": [12.4, 13, 12.85, 13.45],
					"texture": "#4"
				},
				"west": {
					"uv": [13, 13, 13.25, 13.45],
					"texture": "#4"
				},
				"up": {
					"uv": [13, 13, 13.45, 13.25],
					"texture": "#4"
				},
				"down": {
					"uv": [13, 13, 13.45, 13.25],
					"texture": "#4"
				}
			}
		},
		{
			"name": "cube",
			"from": [9.65, 3.9999999999999996, 9.75],
			"to": [10.1, 4.449999999999999, 10],
			"rotation": {
				"angle": 22.5,
				"axis": "y",
				"origin": [9.875, 4.225, 8.5]
			},
			"faces": {
				"north": {
					"uv": [13, 13, 13.45, 13.45],
					"texture": "#4"
				},
				"east": {
					"uv": [10.25, 13, 10, 12.55],
					"texture": "#4"
				},
				"south": {
					"uv": [12.4, 13, 12.85, 13.45],
					"texture": "#4"
				},
				"west": {
					"uv": [15.75, 13, 16, 13.45],
					"texture": "#4"
				},
				"up": {
					"uv": [13, 15.75, 13.45, 16],
					"texture": "#4"
				},
				"down": {
					"uv": [13, 13, 13.45, 13.25],
					"texture": "#4"
				}
			}
		},
		{
			"name": "cube",
			"from": [10.5, 4, 6.1],
			"to": [10.9, 4.1, 6.5],
			"rotation": {
				"angle": -22.5,
				"axis": "y",
				"origin": [10.7, 4.05, 6.3]
			},
			"faces": {
				"north": {
					"uv": [13, 13, 13.4, 13.1],
					"texture": "#4"
				},
				"east": {
					"uv": [13, 13, 12.6, 12.9],
					"texture": "#4"
				},
				"south": {
					"uv": [13, 13, 13.4, 13.1],
					"texture": "#4"
				},
				"west": {
					"uv": [13, 13, 13.4, 13.1],
					"texture": "#4"
				},
				"up": {"uv": [13, 13, 13.4, 13.4], "texture": "#4"},
				"down": {
					"uv": [13, 13, 13.4, 13.4],
					"texture": "#4"
				}
			}
		},
		{
			"name": "cube",
			"from": [10.5, 4.1, 6.1],
			"to": [10.9, 4.199999999999999, 6.5],
			"rotation": {
				"angle": -45,
				"axis": "y",
				"origin": [10.7, 4.1499999999999995, 6.3]
			},
			"faces": {
				"north": {
					"uv": [13, 13, 13.4, 13.1],
					"texture": "#4"
				},
				"east": {
					"uv": [13, 13, 12.6, 12.9],
					"texture": "#4"
				},
				"south": {
					"uv": [13, 13, 13.4, 13.1],
					"texture": "#4"
				},
				"west": {
					"uv": [13, 13, 13.4, 13.1],
					"texture": "#4"
				},
				"up": {"uv": [13, 13, 13.4, 13.4], "texture": "#4"},
				"down": {
					"uv": [13, 13, 13.4, 13.4],
					"texture": "#4"
				}
			}
		},
		{
			"name": "cube",
			"from": [10.5, 4.199999999999999, 6.1],
			"to": [10.9, 4.299999999999999, 6.5],
			"rotation": {
				"angle": 22.5,
				"axis": "y",
				"origin": [10.7, 4.1499999999999995, 6.3]
			},
			"faces": {
				"north": {
					"uv": [13, 13, 13.4, 13.1],
					"texture": "#4"
				},
				"east": {
					"uv": [13, 13, 12.6, 12.9],
					"texture": "#4"
				},
				"south": {
					"uv": [13, 13, 13.4, 13.1],
					"texture": "#4"
				},
				"west": {
					"uv": [13, 13, 13.4, 13.1],
					"texture": "#4"
				},
				"up": {"uv": [13, 13, 13.4, 13.4], "texture": "#4"},
				"down": {
					"uv": [13, 13, 13.4, 13.4],
					"texture": "#4"
				}
			}
		},
		{
			"name": "cube",
			"from": [10.5, 4.299999999999999, 6.1],
			"to": [10.9, 4.399999999999999, 6.5],
			"rotation": {
				"angle": 45,
				"axis": "y",
				"origin": [10.7, 4.1499999999999995, 6.3]
			},
			"faces": {
				"north": {
					"uv": [13, 13, 13.4, 13.1],
					"texture": "#4"
				},
				"east": {
					"uv": [13, 13, 12.6, 12.9],
					"texture": "#4"
				},
				"south": {
					"uv": [13, 13, 13.4, 13.1],
					"texture": "#4"
				},
				"west": {
					"uv": [13, 13, 13.4, 13.1],
					"texture": "#4"
				},
				"up": {"uv": [13, 13, 13.4, 13.4], "texture": "#4"},
				"down": {
					"uv": [13, 13, 13.4, 13.4],
					"texture": "#4"
				}
			}
		},
		{
			"name": "cube",
			"from": [10.5, 4.399999999999999, 6.1],
			"to": [10.9, 4.499999999999998, 6.5],
			"rotation": {
				"angle": 22.5,
				"axis": "y",
				"origin": [10.7, 4.1499999999999995, 6.3]
			},
			"faces": {
				"north": {
					"uv": [13, 13, 13.4, 13.1],
					"texture": "#4"
				},
				"east": {
					"uv": [13, 13, 12.6, 12.9],
					"texture": "#4"
				},
				"south": {
					"uv": [13, 13, 13.4, 13.1],
					"texture": "#4"
				},
				"west": {
					"uv": [13, 13, 13.4, 13.1],
					"texture": "#4"
				},
				"up": {"uv": [13, 13, 13.4, 13.4], "texture": "#4"},
				"down": {
					"uv": [13, 13, 13.4, 13.4],
					"texture": "#4"
				}
			}
		},
		{
			"name": "cube",
			"from": [10.5, 4.499999999999998, 6.099999999999999],
			"to": [
				10.899999999999999,
				4.599999999999998,
				6.499999999999999
			],
			"rotation": {
				"angle": -22.5,
				"axis": "y",
				"origin": [10.7, 4.1499999999999995, 6.3]
			},
			"faces": {
				"north": {
					"uv": [13, 13, 12.6, 12.9],
					"texture": "#4"
				},
				"east": {
					"uv": [13, 13, 13.4, 13.1],
					"texture": "#4"
				},
				"south": {
					"uv": [13, 13, 13.4, 13.1],
					"texture": "#4"
				},
				"west": {
					"uv": [13, 13, 13.4, 13.1],
					"texture": "#4"
				},
				"up": {
					"uv": [13, 13, 13.4, 13.4],
					"texture": "#4",
					"rotation": 270
				},
				"down": {
					"uv": [13, 13, 13.4, 13.4],
					"texture": "#4",
					"rotation": 90
				}
			}
		},
		{
			"name": "cube",
			"from": [10.5, 4.599999999999998, 6.1],
			"to": [10.9, 4.6999999999999975, 6.5],
			"rotation": {
				"angle": 45,
				"axis": "y",
				"origin": [10.7, 4.1499999999999995, 6.3]
			},
			"faces": {
				"north": {
					"uv": [13, 13, 13.4, 13.1],
					"texture": "#4"
				},
				"east": {
					"uv": [13, 13, 12.6, 12.9],
					"texture": "#4"
				},
				"south": {
					"uv": [13, 13, 13.4, 13.1],
					"texture": "#4"
				},
				"west": {
					"uv": [13, 13, 13.4, 13.1],
					"texture": "#4"
				},
				"up": {"uv": [13, 13, 13.4, 13.4], "texture": "#4"},
				"down": {
					"uv": [13, 13, 13.4, 13.4],
					"texture": "#4"
				}
			}
		},
		{
			"name": "cube",
			"from": [10.5, 4.6999999999999975, 6.1],
			"to": [10.9, 4.799999999999997, 6.5],
			"rotation": {
				"angle": 22.5,
				"axis": "y",
				"origin": [10.7, 4.1499999999999995, 6.3]
			},
			"faces": {
				"north": {
					"uv": [13, 13, 13.4, 13.1],
					"texture": "#4"
				},
				"east": {
					"uv": [13, 13, 12.6, 12.9],
					"texture": "#4"
				},
				"south": {
					"uv": [13, 13, 13.4, 13.1],
					"texture": "#4"
				},
				"west": {
					"uv": [13, 13, 13.4, 13.1],
					"texture": "#4"
				},
				"up": {"uv": [13, 13, 13.4, 13.4], "texture": "#4"},
				"down": {
					"uv": [13, 13, 13.4, 13.4],
					"texture": "#4"
				}
			}
		},
		{
			"name": "cube",
			"from": [10.5, 4.799999999999997, 6.1],
			"to": [10.9, 4.899999999999997, 6.5],
			"rotation": {
				"angle": 0,
				"axis": "y",
				"origin": [10.7, 4.1499999999999995, 6.3]
			},
			"faces": {
				"north": {
					"uv": [13, 13, 13.4, 13.1],
					"texture": "#4"
				},
				"east": {
					"uv": [13, 13, 12.6, 12.9],
					"texture": "#4"
				},
				"south": {
					"uv": [13, 13, 13.4, 13.1],
					"texture": "#4"
				},
				"west": {
					"uv": [13, 13, 13.4, 13.1],
					"texture": "#4"
				},
				"up": {"uv": [13, 13, 13.4, 13.4], "texture": "#4"},
				"down": {
					"uv": [13, 13, 13.4, 13.4],
					"texture": "#4"
				}
			}
		},
		{
			"name": "cube",
			"from": [10.5, 4.899999999999997, 6.099999999999999],
			"to": [
				10.899999999999999,
				4.9999999999999964,
				6.499999999999999
			],
			"rotation": {
				"angle": -22.5,
				"axis": "y",
				"origin": [10.7, 4.1499999999999995, 6.3]
			},
			"faces": {
				"north": {
					"uv": [13, 13, 12.6, 12.9],
					"texture": "#4"
				},
				"east": {
					"uv": [13, 13, 13.4, 13.1],
					"texture": "#4"
				},
				"south": {
					"uv": [13, 13, 13.4, 13.1],
					"texture": "#4"
				},
				"west": {
					"uv": [13, 13, 13.4, 13.1],
					"texture": "#4"
				},
				"up": {
					"uv": [13, 13, 13.4, 13.4],
					"texture": "#4",
					"rotation": 270
				},
				"down": {
					"uv": [13, 13, 13.4, 13.4],
					"texture": "#4",
					"rotation": 90
				}
			}
		},
		{
			"name": "cube",
			"from": [10.5, 4.9999999999999964, 6.1],
			"to": [10.9, 5.099999999999996, 6.5],
			"rotation": {
				"angle": -45,
				"axis": "y",
				"origin": [10.7, 4.1499999999999995, 6.3]
			},
			"faces": {
				"north": {
					"uv": [13, 13, 13.4, 13.1],
					"texture": "#4"
				},
				"east": {
					"uv": [13, 13, 12.6, 12.9],
					"texture": "#4"
				},
				"south": {
					"uv": [13, 13, 13.4, 13.1],
					"texture": "#4"
				},
				"west": {
					"uv": [13, 13, 13.4, 13.1],
					"texture": "#4"
				},
				"up": {"uv": [13, 13, 13.4, 13.4], "texture": "#4"},
				"down": {
					"uv": [13, 13, 13.4, 13.4],
					"texture": "#4"
				}
			}
		},
		{
			"name": "cube",
			"from": [10.5, 5.099999999999996, 6.1],
			"to": [10.9, 5.199999999999996, 6.5],
			"rotation": {
				"angle": -22.5,
				"axis": "y",
				"origin": [10.7, 4.1499999999999995, 6.3]
			},
			"faces": {
				"north": {
					"uv": [13, 13, 13.4, 13.1],
					"texture": "#4"
				},
				"east": {
					"uv": [13, 13, 12.6, 12.9],
					"texture": "#4"
				},
				"south": {
					"uv": [13, 13, 13.4, 13.1],
					"texture": "#4"
				},
				"west": {
					"uv": [13, 13, 13.4, 13.1],
					"texture": "#4"
				},
				"up": {"uv": [13, 13, 13.4, 13.4], "texture": "#4"},
				"down": {
					"uv": [13, 13, 13.4, 13.4],
					"texture": "#4"
				}
			}
		},
		{
			"name": "cube",
			"from": [10, 4, 6.85],
			"to": [10.4, 4.1, 7.25],
			"rotation": {
				"angle": 22.5,
				"axis": "y",
				"origin": [10.2, 4.05, 7.05]
			},
			"faces": {
				"north": {
					"uv": [13, 13, 13.4, 13.1],
					"texture": "#4"
				},
				"east": {
					"uv": [13, 13, 12.6, 12.9],
					"texture": "#4"
				},
				"south": {
					"uv": [13, 13, 13.4, 13.1],
					"texture": "#4"
				},
				"west": {
					"uv": [13, 13, 13.4, 13.1],
					"texture": "#4"
				},
				"up": {"uv": [13, 13, 13.4, 13.4], "texture": "#4"},
				"down": {
					"uv": [13, 13, 13.4, 13.4],
					"texture": "#4"
				}
			}
		},
		{
			"name": "cube",
			"from": [10, 4.1, 6.85],
			"to": [10.4, 4.199999999999999, 7.25],
			"rotation": {
				"angle": 0,
				"axis": "y",
				"origin": [10.2, 4.1499999999999995, 7.05]
			},
			"faces": {
				"north": {
					"uv": [13, 13, 13.4, 13.1],
					"texture": "#4"
				},
				"east": {
					"uv": [13, 13, 12.6, 12.9],
					"texture": "#4"
				},
				"south": {
					"uv": [13, 13, 13.4, 13.1],
					"texture": "#4"
				},
				"west": {
					"uv": [13, 13, 13.4, 13.1],
					"texture": "#4"
				},
				"up": {"uv": [13, 13, 13.4, 13.4], "texture": "#4"},
				"down": {
					"uv": [13, 13, 13.4, 13.4],
					"texture": "#4"
				}
			}
		},
		{
			"name": "cube",
			"from": [10, 4.299999999999999, 6.85],
			"to": [10.4, 4.399999999999999, 7.25],
			"rotation": {
				"angle": -22.5,
				"axis": "y",
				"origin": [10.2, 4.1499999999999995, 7.05]
			},
			"faces": {
				"north": {
					"uv": [13, 13, 13.4, 13.1],
					"texture": "#4"
				},
				"east": {
					"uv": [13, 13, 12.6, 12.9],
					"texture": "#4"
				},
				"south": {
					"uv": [13, 13, 13.4, 13.1],
					"texture": "#4"
				},
				"west": {
					"uv": [13, 13, 13.4, 13.1],
					"texture": "#4"
				},
				"up": {"uv": [13, 13, 13.4, 13.4], "texture": "#4"},
				"down": {
					"uv": [13, 13, 13.4, 13.4],
					"texture": "#4"
				}
			}
		},
		{
			"name": "cube",
			"from": [10, 4.399999999999999, 6.85],
			"to": [10.4, 4.499999999999998, 7.25],
			"rotation": {
				"angle": 0,
				"axis": "y",
				"origin": [10.2, 4.1499999999999995, 7.05]
			},
			"faces": {
				"north": {
					"uv": [13, 13, 13.4, 13.1],
					"texture": "#4"
				},
				"east": {
					"uv": [13, 13, 12.6, 12.9],
					"texture": "#4"
				},
				"south": {
					"uv": [13, 13, 13.4, 13.1],
					"texture": "#4"
				},
				"west": {
					"uv": [13, 13, 13.4, 13.1],
					"texture": "#4"
				},
				"up": {"uv": [13, 13, 13.4, 13.4], "texture": "#4"},
				"down": {
					"uv": [13, 13, 13.4, 13.4],
					"texture": "#4"
				}
			}
		},
		{
			"name": "cube",
			"from": [10, 4.199999999999999, 6.85],
			"to": [10.4, 4.299999999999999, 7.25],
			"rotation": {
				"angle": 22.5,
				"axis": "y",
				"origin": [10.2, 4.1499999999999995, 7.05]
			},
			"faces": {
				"north": {
					"uv": [13, 13, 13.4, 13.1],
					"texture": "#4"
				},
				"east": {
					"uv": [13, 13, 12.6, 12.9],
					"texture": "#4"
				},
				"south": {
					"uv": [13, 13, 13.4, 13.1],
					"texture": "#4"
				},
				"west": {
					"uv": [13, 13, 13.4, 13.1],
					"texture": "#4"
				},
				"up": {"uv": [13, 13, 13.4, 13.4], "texture": "#4"},
				"down": {
					"uv": [13, 13, 13.4, 13.4],
					"texture": "#4"
				}
			}
		},
		{
			"name": "cube",
			"from": [10, 4.499999999999998, 6.85],
			"to": [10.4, 4.599999999999998, 7.25],
			"rotation": {
				"angle": 22.5,
				"axis": "y",
				"origin": [10.2, 4.1499999999999995, 7.05]
			},
			"faces": {
				"north": {
					"uv": [13, 13, 13.4, 13.1],
					"texture": "#4"
				},
				"east": {
					"uv": [13, 13, 12.6, 12.9],
					"texture": "#4"
				},
				"south": {
					"uv": [13, 13, 13.4, 13.1],
					"texture": "#4"
				},
				"west": {
					"uv": [13, 13, 13.4, 13.1],
					"texture": "#4"
				},
				"up": {"uv": [13, 13, 13.4, 13.4], "texture": "#4"},
				"down": {
					"uv": [13, 13, 13.4, 13.4],
					"texture": "#4"
				}
			}
		},
		{
			"name": "cube",
			"from": [10, 4.599999999999998, 6.85],
			"to": [10.4, 4.6999999999999975, 7.25],
			"rotation": {
				"angle": -22.5,
				"axis": "y",
				"origin": [10.2, 4.1499999999999995, 7.05]
			},
			"faces": {
				"north": {
					"uv": [13, 13, 13.4, 13.1],
					"texture": "#4"
				},
				"east": {
					"uv": [13, 13, 12.6, 12.9],
					"texture": "#4"
				},
				"south": {
					"uv": [13, 13, 13.4, 13.1],
					"texture": "#4"
				},
				"west": {
					"uv": [13, 13, 13.4, 13.1],
					"texture": "#4"
				},
				"up": {"uv": [13, 13, 13.4, 13.4], "texture": "#4"},
				"down": {
					"uv": [13, 13, 13.4, 13.4],
					"texture": "#4"
				}
			}
		},
		{
			"name": "cube",
			"from": [10, 4.6999999999999975, 6.85],
			"to": [10.4, 4.799999999999997, 7.25],
			"rotation": {
				"angle": 0,
				"axis": "y",
				"origin": [10.2, 4.1499999999999995, 7.05]
			},
			"faces": {
				"north": {
					"uv": [13, 13, 13.4, 13.1],
					"texture": "#4"
				},
				"east": {
					"uv": [13, 13, 12.6, 12.9],
					"texture": "#4"
				},
				"south": {
					"uv": [13, 13, 13.4, 13.1],
					"texture": "#4"
				},
				"west": {
					"uv": [13, 13, 13.4, 13.1],
					"texture": "#4"
				},
				"up": {"uv": [13, 13, 13.4, 13.4], "texture": "#4"},
				"down": {
					"uv": [13, 13, 13.4, 13.4],
					"texture": "#4"
				}
			}
		},
		{
			"name": "cube",
			"from": [10, 4.799999999999997, 6.85],
			"to": [10.4, 4.899999999999997, 7.25],
			"rotation": {
				"angle": 22.5,
				"axis": "y",
				"origin": [10.2, 4.1499999999999995, 7.05]
			},
			"faces": {
				"north": {
					"uv": [13, 13, 13.4, 13.1],
					"texture": "#4"
				},
				"east": {
					"uv": [13, 13, 12.6, 12.9],
					"texture": "#4"
				},
				"south": {
					"uv": [13, 13, 13.4, 13.1],
					"texture": "#4"
				},
				"west": {
					"uv": [13, 13, 13.4, 13.1],
					"texture": "#4"
				},
				"up": {"uv": [13, 13, 13.4, 13.4], "texture": "#4"},
				"down": {
					"uv": [13, 13, 13.4, 13.4],
					"texture": "#4"
				}
			}
		},
		{
			"name": "cube",
			"from": [7, 4, 7.350000000000001],
			"to": [8.9, 4.1, 10.000000000000002],
			"rotation": {
				"angle": 0,
				"axis": "y",
				"origin": [8.7, 4.05, 9.8]
			},
			"faces": {
				"north": {
					"uv": [7.1, 11.9, 9, 12],
					"texture": "#5"
				},
				"east": {
					"uv": [
						8.649999999999999,
						12,
						5.999999999999998,
						11.9
					],
					"texture": "#5"
				},
				"south": {
					"uv": [7, 11.9, 8.9, 12],
					"texture": "#5"
				},
				"west": {
					"uv": [
						7.350000000000001,
						11.9,
						10.000000000000002,
						12
					],
					"texture": "#5"
				},
				"up": {
					"uv": [
						7,
						7.350000000000001,
						8.9,
						10.000000000000002
					],
					"texture": "#5"
				},
				"down": {
					"uv": [
						7,
						5.999999999999998,
						8.9,
						8.649999999999999
					],
					"texture": "#5"
				}
			}
		},
		{
			"name": "cube",
			"from": [7.1, 4.1, 7.450000000000001],
			"to": [8.8, 4.109999999999999, 7.550000000000001],
			"rotation": {
				"angle": 0,
				"axis": "y",
				"origin": [8.7, 4.1499999999999995, 9.9]
			},
			"faces": {
				"north": {"uv": [7, 3, 8, 4], "texture": "#5"},
				"east": {"uv": [7, 3, 8, 4], "texture": "#5"},
				"south": {"uv": [7, 3, 8, 4], "texture": "#5"},
				"west": {"uv": [7, 3, 8, 4], "texture": "#5"},
				"up": {"uv": [7, 3, 8, 4], "texture": "#5"},
				"down": {"uv": [7, 3, 8, 4], "texture": "#5"}
			}
		},
		{
			"name": "cube",
			"from": [7.1, 4.1, 7.850000000000001],
			"to": [8, 4.109999999999999, 7.950000000000001],
			"rotation": {
				"angle": 0,
				"axis": "y",
				"origin": [8.7, 4.1499999999999995, 10.3]
			},
			"faces": {
				"north": {"uv": [7, 3, 8, 4], "texture": "#5"},
				"east": {"uv": [7, 3, 8, 4], "texture": "#5"},
				"south": {"uv": [7, 3, 8, 4], "texture": "#5"},
				"west": {"uv": [7, 3, 8, 4], "texture": "#5"},
				"up": {"uv": [7, 3, 8, 4], "texture": "#5"},
				"down": {"uv": [7, 3, 8, 4], "texture": "#5"}
			}
		},
		{
			"name": "cube",
			"from": [7.1, 4.1, 7.650000000000001],
			"to": [8, 4.109999999999999, 7.750000000000001],
			"rotation": {
				"angle": 0,
				"axis": "y",
				"origin": [
					8.7,
					4.1499999999999995,
					10.100000000000001
				]
			},
			"faces": {
				"north": {"uv": [7, 3, 8, 4], "texture": "#5"},
				"east": {"uv": [7, 3, 8, 4], "texture": "#5"},
				"south": {"uv": [7, 3, 8, 4], "texture": "#5"},
				"west": {"uv": [7, 3, 8, 4], "texture": "#5"},
				"up": {"uv": [7, 3, 8, 4], "texture": "#5"},
				"down": {"uv": [7, 3, 8, 4], "texture": "#5"}
			}
		},
		{
			"name": "cube",
			"from": [7.1, 4.1, 8.05],
			"to": [8, 4.109999999999999, 8.15],
			"rotation": {
				"angle": 0,
				"axis": "y",
				"origin": [8.7, 4.1499999999999995, 10.5]
			},
			"faces": {
				"north": {"uv": [7, 3, 8, 4], "texture": "#5"},
				"east": {"uv": [7, 3, 8, 4], "texture": "#5"},
				"south": {"uv": [7, 3, 8, 4], "texture": "#5"},
				"west": {"uv": [7, 3, 8, 4], "texture": "#5"},
				"up": {"uv": [7, 3, 8, 4], "texture": "#5"},
				"down": {"uv": [7, 3, 8, 4], "texture": "#5"}
			}
		},
		{
			"name": "cube",
			"from": [8, 4.1, 8.45],
			"to": [8.8, 4.109999999999999, 8.549999999999999],
			"rotation": {
				"angle": 0,
				"axis": "y",
				"origin": [
					8.7,
					4.1499999999999995,
					10.899999999999999
				]
			},
			"faces": {
				"north": {"uv": [7, 3, 8, 4], "texture": "#5"},
				"east": {"uv": [7, 3, 8, 4], "texture": "#5"},
				"south": {"uv": [7, 3, 8, 4], "texture": "#5"},
				"west": {"uv": [7, 3, 8, 4], "texture": "#5"},
				"up": {"uv": [7, 3, 8, 4], "texture": "#5"},
				"down": {"uv": [7, 3, 8, 4], "texture": "#5"}
			}
		},
		{
			"name": "cube",
			"from": [7.1, 4.1, 8.25],
			"to": [8.8, 4.109999999999999, 8.35],
			"rotation": {
				"angle": 0,
				"axis": "y",
				"origin": [8.7, 4.1499999999999995, 10.7]
			},
			"faces": {
				"north": {"uv": [7, 3, 8, 4], "texture": "#5"},
				"east": {"uv": [7, 3, 8, 4], "texture": "#5"},
				"south": {"uv": [7, 3, 8, 4], "texture": "#5"},
				"west": {"uv": [7, 3, 8, 4], "texture": "#5"},
				"up": {"uv": [7, 3, 8, 4], "texture": "#5"},
				"down": {"uv": [7, 3, 8, 4], "texture": "#5"}
			}
		},
		{
			"name": "cube",
			"from": [7.1, 4.1, 8.849999999999998],
			"to": [
				7.500000000000001,
				4.109999999999999,
				8.949999999999998
			],
			"rotation": {
				"angle": 0,
				"axis": "y",
				"origin": [
					7.3999999999999995,
					4.1499999999999995,
					11.299999999999997
				]
			},
			"faces": {
				"north": {"uv": [7, 3, 8, 4], "texture": "#5"},
				"east": {"uv": [7, 3, 8, 4], "texture": "#5"},
				"south": {"uv": [7, 3, 8, 4], "texture": "#5"},
				"west": {"uv": [7, 3, 8, 4], "texture": "#5"},
				"up": {"uv": [7, 3, 8, 4], "texture": "#5"},
				"down": {"uv": [7, 3, 8, 4], "texture": "#5"}
			}
		},
		{
			"name": "cube",
			"from": [7.1, 4.1, 9.049999999999999],
			"to": [8.8, 4.109999999999999, 9.149999999999999],
			"rotation": {
				"angle": 0,
				"axis": "y",
				"origin": [
					8.7,
					4.1499999999999995,
					11.499999999999998
				]
			},
			"faces": {
				"north": {"uv": [7, 3, 8, 4], "texture": "#5"},
				"east": {"uv": [7, 3, 8, 4], "texture": "#5"},
				"south": {"uv": [7, 3, 8, 4], "texture": "#5"},
				"west": {"uv": [7, 3, 8, 4], "texture": "#5"},
				"up": {"uv": [7, 3, 8, 4], "texture": "#5"},
				"down": {"uv": [7, 3, 8, 4], "texture": "#5"}
			}
		},
		{
			"name": "cube",
			"from": [7.1, 4.1, 9.249999999999998],
			"to": [7.9, 4.109999999999999, 9.349999999999998],
			"rotation": {
				"angle": 0,
				"axis": "y",
				"origin": [
					8.7,
					4.1499999999999995,
					11.699999999999998
				]
			},
			"faces": {
				"north": {"uv": [7, 3, 8, 4], "texture": "#5"},
				"east": {"uv": [7, 3, 8, 4], "texture": "#5"},
				"south": {"uv": [7, 3, 8, 4], "texture": "#5"},
				"west": {"uv": [7, 3, 8, 4], "texture": "#5"},
				"up": {"uv": [7, 3, 8, 4], "texture": "#5"},
				"down": {"uv": [7, 3, 8, 4], "texture": "#5"}
			}
		},
		{
			"name": "cube",
			"from": [7.1, 4.1, 9.449999999999998],
			"to": [8.8, 4.109999999999999, 9.549999999999997],
			"rotation": {
				"angle": 0,
				"axis": "y",
				"origin": [
					8.7,
					4.1499999999999995,
					11.899999999999997
				]
			},
			"faces": {
				"north": {"uv": [7, 3, 8, 4], "texture": "#5"},
				"east": {"uv": [7, 3, 8, 4], "texture": "#5"},
				"south": {"uv": [7, 3, 8, 4], "texture": "#5"},
				"west": {"uv": [7, 3, 8, 4], "texture": "#5"},
				"up": {"uv": [7, 3, 8, 4], "texture": "#5"},
				"down": {"uv": [7, 3, 8, 4], "texture": "#5"}
			}
		},
		{
			"name": "cube",
			"from": [7.1, 4.1, 8.45],
			"to": [
				7.800000000000001,
				4.109999999999999,
				8.549999999999999
			],
			"rotation": {
				"angle": 0,
				"axis": "y",
				"origin": [
					7.699999999999999,
					4.1499999999999995,
					10.899999999999999
				]
			},
			"faces": {
				"north": {"uv": [7, 3, 8, 4], "texture": "#5"},
				"east": {"uv": [7, 3, 8, 4], "texture": "#5"},
				"south": {"uv": [7, 3, 8, 4], "texture": "#5"},
				"west": {"uv": [7, 3, 8, 4], "texture": "#5"},
				"up": {"uv": [7, 3, 8, 4], "texture": "#5"},
				"down": {"uv": [7, 3, 8, 4], "texture": "#5"}
			}
		},
		{
			"name": "cube",
			"from": [8.1, 4.1, 8.849999999999998],
			"to": [8.8, 4.109999999999999, 8.949999999999998],
			"rotation": {
				"angle": 0,
				"axis": "y",
				"origin": [
					8.7,
					4.1499999999999995,
					11.299999999999997
				]
			},
			"faces": {
				"north": {"uv": [7, 3, 8, 4], "texture": "#5"},
				"east": {"uv": [7, 3, 8, 4], "texture": "#5"},
				"south": {"uv": [7, 3, 8, 4], "texture": "#5"},
				"west": {"uv": [7, 3, 8, 4], "texture": "#5"},
				"up": {"uv": [7, 3, 8, 4], "texture": "#5"},
				"down": {"uv": [7, 3, 8, 4], "texture": "#5"}
			}
		},
		{
			"name": "cube",
			"from": [7.599999999999999, 4.1, 8.849999999999998],
			"to": [8, 4.109999999999999, 8.949999999999998],
			"rotation": {
				"angle": 0,
				"axis": "y",
				"origin": [
					7.899999999999999,
					4.1499999999999995,
					11.299999999999997
				]
			},
			"faces": {
				"north": {"uv": [7, 3, 8, 4], "texture": "#5"},
				"east": {"uv": [7, 3, 8, 4], "texture": "#5"},
				"south": {"uv": [7, 3, 8, 4], "texture": "#5"},
				"west": {"uv": [7, 3, 8, 4], "texture": "#5"},
				"up": {"uv": [7, 3, 8, 4], "texture": "#5"},
				"down": {"uv": [7, 3, 8, 4], "texture": "#5"}
			}
		},
		{
			"name": "cube",
			"from": [8, 4.1, 9.249999999999998],
			"to": [8.8, 4.109999999999999, 9.349999999999998],
			"rotation": {
				"angle": 0,
				"axis": "y",
				"origin": [
					9.6,
					4.1499999999999995,
					11.699999999999998
				]
			},
			"faces": {
				"north": {"uv": [7, 3, 8, 4], "texture": "#5"},
				"east": {"uv": [7, 3, 8, 4], "texture": "#5"},
				"south": {"uv": [7, 3, 8, 4], "texture": "#5"},
				"west": {"uv": [7, 3, 8, 4], "texture": "#5"},
				"up": {"uv": [7, 3, 8, 4], "texture": "#5"},
				"down": {"uv": [7, 3, 8, 4], "texture": "#5"}
			}
		},
		{
			"name": "cube",
			"from": [7.1, 4.1, 9.649999999999999],
			"to": [7.9, 4.109999999999999, 9.749999999999998],
			"rotation": {
				"angle": 0,
				"axis": "y",
				"origin": [
					8.7,
					4.1499999999999995,
					12.099999999999998
				]
			},
			"faces": {
				"north": {"uv": [7, 3, 8, 4], "texture": "#5"},
				"east": {"uv": [7, 3, 8, 4], "texture": "#5"},
				"south": {"uv": [7, 3, 8, 4], "texture": "#5"},
				"west": {"uv": [7, 3, 8, 4], "texture": "#5"},
				"up": {"uv": [7, 3, 8, 4], "texture": "#5"},
				"down": {"uv": [7, 3, 8, 4], "texture": "#5"}
			}
		},
		{
			"name": "cube",
			"from": [5.5, 4, 6.25],
			"to": [6.25, 4.75, 7],
			"rotation": {
				"angle": -22.5,
				"axis": "y",
				"origin": [5.75, 4.25, 6.5]
			},
			"faces": {
				"north": {"uv": [2, 11, 3, 12], "texture": "#1_1"},
				"east": {"uv": [2, 11, 3, 12], "texture": "#1_1"},
				"south": {"uv": [2, 11, 3, 12], "texture": "#1_1"},
				"west": {"uv": [2, 11, 3, 12], "texture": "#1_1"},
				"up": {"uv": [2, 11, 3, 12], "texture": "#1_1"},
				"down": {"uv": [2, 11, 3, 12], "texture": "#1_1"}
			}
		},
		{
			"name": "cube",
			"from": [5.6000000000000005, 4.75, 6.35],
			"to": [6.15, 4.95, 6.9],
			"rotation": {
				"angle": -22.5,
				"axis": "y",
				"origin": [5.75, 5, 6.5]
			},
			"faces": {
				"north": {"uv": [2, 10, 3, 11], "texture": "#0"},
				"east": {"uv": [2, 10, 3, 11], "texture": "#0"},
				"south": {"uv": [2, 10, 3, 11], "texture": "#0"},
				"west": {"uv": [2, 10, 3, 11], "texture": "#0"},
				"up": {"uv": [2, 10, 3, 11], "texture": "#0"},
				"down": {"uv": [2, 10, 3, 11], "texture": "#0"}
			}
		}
	],
	"groups": [
		0,
		1,
		2,
		3,
		4,
		5,
		6,
		7,
		8,
		9,
		{
			"name": "squirrel_newyearhat",
			"isOpen": true,
			"shade": true,
			"display": {"visibility": true, "autouv": true},
			"children": [
				10,
				11,
				12,
				13,
				14,
				15,
				16,
				17,
				18,
				19,
				20,
				21,
				22,
				23,
				24,
				25,
				26,
				27,
				28,
				29
			]
		},
		30,
		31,
		32,
		33,
		34,
		35,
		36,
		37,
		38,
		39,
		40,
		41,
		42,
		43,
		44,
		45,
		46,
		47,
		48,
		49,
		50,
		51,
		52,
		53,
		54,
		55,
		56,
		57,
		58,
		59,
		60,
		61,
		62,
		63,
		64,
		65,
		66,
		67,
		68,
		69,
		70,
		71,
		72,
		73,
		74,
		75,
		76,
		77,
		78,
		79,
		80,
		81,
		82,
		83,
		84,
		85
	]
}