{
  "__comment": "Designed by Lukas",
  "textures": {
    "particle": "blocks/e_particle",
    "texture": "clean_plank_oak"
  },
  "elements": [
    {
      "__comment": "TopRight",
      "from": [
        13,
        0,
        1
      ],
      "to": [
        15,
        14.5,
        3
      ],
      "faces": {
        "down": {
          "uv": [
            13,
            13,
            15,
            15
          ],
          "texture": "#texture"
        },
        "up": {
          "uv": [
            13,
            1,
            15,
            3
          ],
          "texture": "#texture"
        },
        "north": {
          "uv": [
            1,
            1.5,
            3,
            16
          ],
          "texture": "#texture"
        },
        "south": {
          "uv": [
            13,
            1.5,
            15,
            16
          ],
          "texture": "#texture"
        },
        "west": {
          "uv": [
            1,
            1.5,
            3,
            16
          ],
          "texture": "#texture"
        },
        "east": {
          "uv": [
            13,
            1.5,
            15,
            16
          ],
          "texture": "#texture"
        }
      }
    },
    {
      "__comment": "TopRight",
      "from": [
        13.5,
        12.5,
        0
      ],
      "to": [
        14.5,
        14.5,
        1
      ],
      "faces": {
        "down": {
          "uv": [
            13.5,
            15,
            14.5,
            16
          ],
          "texture": "#texture"
        },
        "up": {
          "uv": [
            13.5,
            0,
            14.5,
            1
          ],
          "texture": "#texture"
        },
        "north": {
          "uv": [
            1.5,
            1.5,
            2.5,
            3.5
          ],
          "texture": "#texture"
        },
        "south": {
          "uv": [
            13.5,
            1.5,
            14.5,
            3.5
          ],
          "texture": "#texture"
        },
        "west": {
          "uv": [
            0,
            1.5,
            1,
            3.5
          ],
          "texture": "#texture"
        },
        "east": {
          "uv": [
            15,
            1.5,
            16,
            3.5
          ],
          "texture": "#texture"
        }
      }
    },
    {
      "__comment": "TopRight",
      "from": [
        15,
        12.5,
        1.5
      ],
      "to": [
        16,
        14.5,
        2.5
      ],
      "faces": {
        "down": {
          "uv": [
            15,
            13.5,
            16,
            14.5
          ],
          "texture": "#texture"
        },
        "up": {
          "uv": [
            15,
            1.5,
            16,
            2.5
          ],
          "texture": "#texture"
        },
        "north": {
          "uv": [
            0,
            1.5,
            1,
            3.5
          ],
          "texture": "#texture"
        },
        "south": {
          "uv": [
            15,
            1.5,
            16,
            3.5
          ],
          "texture": "#texture"
        },
        "west": {
          "uv": [
            1.5,
            1.5,
            2.5,
            3.5
          ],
          "texture": "#texture"
        },
        "east": {
          "uv": [
            13.5,
            1.5,
            14.5,
            3.5
          ],
          "texture": "#texture"
        }
      }
    }
  ]
}