{
  "__comment": "Designed by Lukas",
  "textures": {
    "particle": "blocks/e_particle",
    "texture": "clean_plank_oak"
  },
  "elements": [
    {
      "__comment": "BottomLeft",
      "from": [
        1,
        0,
        13
      ],
      "to": [
        3,
        14.5,
        15
      ],
      "faces": {
        "down": {
          "uv": [
            1,
            1,
            3,
            3
          ],
          "texture": "#texture"
        },
        "up": {
          "uv": [
            1,
            13,
            3,
            15
          ],
          "texture": "#texture"
        },
        "north": {
          "uv": [
            13,
            1.5,
            15,
            16
          ],
          "texture": "#texture"
        },
        "south": {
          "uv": [
            1,
            1.5,
            3,
            16
          ],
          "texture": "#texture"
        },
        "west": {
          "uv": [
            13,
            1.5,
            15,
            16
          ],
          "texture": "#texture"
        },
        "east": {
          "uv": [
            1,
            1.5,
            3,
            16
          ],
          "texture": "#texture"
        }
      }
    }
  ]
}