{
  "__comment": "Designed by Lukas",
  "textures": {
    "particle": "blocks/e_particle",
    "texture": "clean_plank_oak"
  },
  "elements": [
    {
      "__comment": "TopRight",
      "from": [
        15.5,
        14.5,
        0
      ],
      "to": [
        16,
        15,
        0.5
      ],
      "faces": {
        "down": {
          "uv": [
            15.5,
            15.5,
            16,
            16
          ],
          "texture": "#texture"
        },
        "up": {
          "uv": [
            15.5,
            0,
            16,
            0.5
          ],
          "texture": "#texture"
        },
        "north": {
          "uv": [
            0,
            1,
            0.5,
            1.5
          ],
          "texture": "#texture"
        },
        "south": {
          "uv": [
            15.5,
            1,
            16,
            1.5
          ],
          "texture": "#texture"
        },
        "west": {
          "uv": [
            0,
            1,
            0.5,
            1.5
          ],
          "texture": "#texture"
        },
        "east": {
          "uv": [
            15.5,
            1,
            16,
            1.5
          ],
          "texture": "#texture"
        }
      }
    }
  ]
}