{
	"__comment": "Designed by Lukas",
	"textures": {
		"particle": "blocks/e_particle",
		"texture": "clean_plank_oak"
	},
	"elements": [ 	 
		{
			"__comment": "TopRight",
			"from": [ 13, 12.5, 1.5 ],
			"to": [ 16, 14.5, 2.5 ],
			"faces": {
				"down": { "uv": [ 13, 13.5, 16, 14.5 ], "texture": "#texture" },
				"up": { "uv": [ 13, 1.5, 16, 2.5 ], "texture": "#texture" },
				"north": { "uv": [ 0, 1.5, 3, 3.5 ], "texture": "#texture" },
				"south": { "uv": [ 13, 1.5, 16, 3.5 ], "texture": "#texture" },
				"west": { "uv": [ 1.5, 1.5, 2.5, 3.5 ], "texture": "#texture" },
				"east": { "uv": [ 13.5, 1.5, 14.5, 3.5 ], "texture": "#texture" }
			}
		},
		{
			"__comment": "TopLeft",
			"from": [ 0, 12.5, 1.5 ],
			"to": [ 3, 14.5, 2.5 ],
			"faces": {
				"down": { "uv": [ 0, 13.5, 3, 14.5 ], "texture": "#texture" },
				"up": { "uv": [ 0, 1.5, 3, 2.5 ], "texture": "#texture" },
				"north": { "uv": [ 13, 1.5, 16, 3.5 ], "texture": "#texture" },
				"south": { "uv": [ 0, 1.5, 3, 3.5 ], "texture": "#texture" },
				"west": { "uv": [ 1.5, 1.5, 2.5, 3.5 ], "texture": "#texture" },
				"east": { "uv": [ 13.5, 1.5, 14.5, 3.5 ], "texture": "#texture" }
			}
		},
		{
			"__comment": "BottomLeft",
			"from": [ 0, 12.5, 13.5 ],
			"to": [ 3, 14.5, 14.5 ],
			"faces": {
				"down": { "uv": [ 0, 1.5, 3, 2.5 ], "texture": "#texture" },
				"up": { "uv": [ 0, 13.5, 3, 14.5 ], "texture": "#texture" },
				"north": { "uv": [ 13, 1.5, 16, 3.5 ], "texture": "#texture" },
				"south": { "uv": [ 0, 1.5, 3, 3.5 ], "texture": "#texture" },
				"west": { "uv": [ 13.5, 1.5, 14.5, 3.5 ], "texture": "#texture" },
				"east": { "uv": [ 1.5, 1.5, 2.5, 3.5 ], "texture": "#texture" }
			}
		},
		{
			"__comment": "BottomRight",
			"from": [ 13, 12.5, 13.5 ],
			"to": [ 16, 14.5, 14.5 ],
			"faces": {
				"down": { "uv": [ 13, 1.5, 16, 2.5 ], "texture": "#texture" },
				"up": { "uv": [ 13, 13.5, 16, 14.5 ], "texture": "#texture" },
				"north": { "uv": [ 0, 1.5, 3, 3.5 ], "texture": "#texture" },
				"south": { "uv": [ 13, 1.5, 16, 3.5 ], "texture": "#texture" },
				"west": { "uv": [ 13.5, 1.5, 14.5, 3.5 ], "texture": "#texture" },
				"east": { "uv": [ 1.5, 1.5, 2.5, 3.5 ], "texture": "#texture" }
			}
		}
	]
}