{
	"__comment": "Designed by Lukas",
	"textures": {
		"particle": "blocks/e_particle",
		"texture": "clean_plank_oak"
	},
	"elements": [ 	 
		{
			"__comment": "Center",
			"from": [ 0, 15, 0 ],
			"to": [ 16, 16, 16 ],
			"faces": {
				"down": { "uv": [ 0, 0, 16, 16 ], "texture": "#texture" },
				"up": { "uv": [ 0, 0, 16, 16 ], "texture": "#texture" },
				"north": { "uv": [ 0, 0, 16, 1 ], "texture": "#texture" },
				"south": { "uv": [ 0, 0, 16, 1 ], "texture": "#texture" },
				"west": { "uv": [ 0, 0, 16, 1 ], "texture": "#texture" },
				"east": { "uv": [ 0, 0, 16, 1 ], "texture": "#texture" }
			}
		},
		{
			"__comment": "Center",
			"from": [ 0.5, 14.5, 0.5 ],
			"to": [ 15.5, 15, 15.5 ],
			"faces": {
				"down": { "uv": [ 0.5, 0.5, 15.5, 15.5 ], "texture": "#texture" },
				"up": { "uv": [ 0.5, 0.5, 15.5, 15.5 ], "texture": "#texture" },
				"north": { "uv": [ 0.5, 1, 15.5, 1.5 ], "texture": "#texture" },
				"south": { "uv": [ 0.5, 1, 15.5, 1.5 ], "texture": "#texture" },
				"west": { "uv": [ 0.5, 1, 15.5, 1.5 ], "texture": "#texture" },
				"east": { "uv": [ 0.5, 1, 15.5, 1.5 ], "texture": "#texture" }
			}
		},
		{
			"__comment": "TopLeft",
			"from": [ 1, 0, 1 ],
			"to": [ 3, 14.5, 3 ],
			"faces": {
				"down": { "uv": [ 1, 13, 3, 15 ], "texture": "#texture" },
				"up": { "uv": [ 1, 1, 3, 3 ], "texture": "#texture" },
				"north": { "uv": [ 13, 1.5, 15, 16 ], "texture": "#texture" },
				"south": { "uv": [ 1, 1.5, 3, 16 ], "texture": "#texture" },
				"west": { "uv": [ 1, 1.5, 3, 16 ], "texture": "#texture" },
				"east": { "uv": [ 13, 1.5, 15, 16 ], "texture": "#texture" }
			}
		},
		{
			"__comment": "TopRight",
			"from": [ 13, 0, 1 ],
			"to": [ 15, 14.5, 3 ],
			"faces": {
				"down": { "uv": [ 13, 13, 15, 15 ], "texture": "#texture" },
				"up": { "uv": [ 13, 1, 15, 3 ], "texture": "#texture" },
				"north": { "uv": [ 1, 1.5, 3, 16 ], "texture": "#texture" },
				"south": { "uv": [ 13, 1.5, 15, 16 ], "texture": "#texture" },
				"west": { "uv": [ 1, 1.5, 3, 16 ], "texture": "#texture" },
				"east": { "uv": [ 13, 1.5, 15, 16 ], "texture": "#texture" }
			}
		},
		{
			"__comment": "BottomLeft",
			"from": [ 1, 0, 13 ],
			"to": [ 3, 14.5, 15 ],
			"faces": {
				"down": { "uv": [ 1, 1, 3, 3 ], "texture": "#texture" },
				"up": { "uv": [ 1, 13, 3, 15 ], "texture": "#texture" },
				"north": { "uv": [ 13, 1.5, 15, 16 ], "texture": "#texture" },
				"south": { "uv": [ 1, 1.5, 3, 16 ], "texture": "#texture" },
				"west": { "uv": [ 13, 1.5, 15, 16 ], "texture": "#texture" },
				"east": { "uv": [ 1, 1.5, 3, 16 ], "texture": "#texture" }
			}
		},
		{
			"__comment": "BottomRight",
			"from": [ 13, 0, 13 ],
			"to": [ 15, 14.5, 15 ],
			"faces": {
				"down": { "uv": [ 13, 1, 15, 3 ], "texture": "#texture" },
				"up": { "uv": [ 13, 13, 15, 15 ], "texture": "#texture" },
				"north": { "uv": [ 1, 1.5, 3, 16 ], "texture": "#texture" },
				"south": { "uv": [ 13, 1.5, 15, 16 ], "texture": "#texture" },
				"west": { "uv": [ 13, 1.5, 15, 16 ], "texture": "#texture" },
				"east": { "uv": [ 1, 1.5, 3, 16 ], "texture": "#texture" }
			}
		},
		{
			"__comment": "Top",
			"from": [ 3, 12.5, 1.5 ],
			"to": [ 13, 14.5, 2.5 ],
			"faces": {
				"down": { "uv": [ 3, 13.5, 13, 14.5 ], "texture": "#texture" },
				"up": { "uv": [ 3, 1.5, 13, 2.5 ], "texture": "#texture" },
				"north": { "uv": [ 3, 1.5, 13, 3.5 ], "texture": "#texture" },
				"south": { "uv": [ 3, 1.5, 13, 3.5 ], "texture": "#texture" },
				"west": { "uv": [ 1.5, 1.5, 2.5, 3.5 ], "texture": "#texture" },
				"east": { "uv": [ 13.5, 1.5, 14.5, 3.5 ], "texture": "#texture" }
			}
		},
		{
			"__comment": "Bottom",
			"from": [ 3, 12.5, 13.5 ],
			"to": [ 13, 14.5, 14.5 ],
			"faces": {
				"down": { "uv": [ 3, 1.5, 13, 2.5 ], "texture": "#texture" },
				"up": { "uv": [ 3, 13.5, 13, 14.5 ], "texture": "#texture" },
				"north": { "uv": [ 3, 1.5, 13, 3.5 ], "texture": "#texture" },
				"south": { "uv": [ 3, 1.5, 13, 3.5 ], "texture": "#texture" },
				"west": { "uv": [ 13.5, 1.5, 14.5, 3.5 ], "texture": "#texture" },
				"east": { "uv": [ 1.5, 1.5, 2.5, 3.5 ], "texture": "#texture" }
			}
		},
		{
			"__comment": "Left",
			"from": [ 1.5, 12.5, 3 ],
			"to": [ 2.5, 14.5, 13 ],
			"faces": {
				"down": { "uv": [ 1.5, 3, 2.5, 13 ], "texture": "#texture" },
				"up": { "uv": [ 1.5, 3, 2.5, 13 ], "texture": "#texture" },
				"north": { "uv": [ 13.5, 1.5, 14.5, 3.5 ], "texture": "#texture" },
				"south": { "uv": [ 1.5, 1.5, 2.5, 3.5 ], "texture": "#texture" },
				"west": { "uv": [ 3, 1.5, 13, 3.5 ], "texture": "#texture" },
				"east": { "uv": [ 3, 1.5, 13, 3.5 ], "texture": "#texture" }
			}
		},
		{
			"__comment": "Right",
			"from": [ 13.5, 12.5, 3 ],
			"to": [ 14.5, 14.5, 13 ],
			"faces": {
				"down": { "uv": [ 13.5, 3, 14.5, 13 ], "texture": "#texture" },
				"up": { "uv": [ 13.5, 3, 14.5, 13 ], "texture": "#texture" },
				"north": { "uv": [ 1.5, 1.5, 2.5, 3.5 ], "texture": "#texture" },
				"south": { "uv": [ 13.5, 1.5, 14.5, 3.5 ], "texture": "#texture" },
				"west": { "uv": [ 3, 1.5, 13, 3.5 ], "texture": "#texture" },
				"east": { "uv": [ 3, 1.5, 13, 3.5 ], "texture": "#texture" }
			}
		}
	]
}